System,Start,End,Region,Latitude,Longitude,Historical Epoch,Existence,Evidence Strength,Characteristics,Comparators,Governance Type,Belief System,Collapse Cause,Gender Roles,Economic Base,Decision Tools,Environmental Management,Dispute Mechanisms,Technology/Innovation,Power Source,Succession Method,Recorded By,Comparative Insights
Neanderthal Megafauna Councils,-300000,-40000,Eurasia,45,10,Paleolithic,Real,2,Hunting-band rule by strength/elders,"Comanche raiders, Zulu impi",Gerontocratic Warlordism,Animism,H. sapiens expansion,Male-dominated,Megafauna hunting,Bone tally sticks,Seasonal migration,Combat trials,Spear technology,Physical prowess,Last survivor,Archaeology,Parallels: Zulu age regiments. Contrasts: Less structured than Inuit qaggiq
Denisovan Cave Networks,-100000,-40000,"Siberia, Altai Mountains",51.4,84.7,Paleolithic,Real,3,Kinship alliances via ochre/artifact exchange,"San xaro, Inuit qaggiq",Mobile Band Democracy,Animism,Climate change,Egalitarian bands,Foraging,Ritual cave markings,Migratory patterns,Shamanic mediation,Bone tools,Ritual prestige,Charismatic selection,Archaeology,Parallels: San reciprocal networks. Contrasts: More mobile than Pueblo settlements
Natufian Grain Storage Pacts,-15000,-9000,Levant,32.5,35.3,Mesolithic,Real,2,Wild barley harvest quotas enforced at stone silos,"Çatalhöyük, Indus Valley",Proto-Agricultural Council,Ancestor cult,Climate change,Gender-mixed,Foraging,Stone tally marks,Seed banking,Mediation circles,Sickle blades,Food surplus,Rotation,Archaeology,Parallels: Neolithic cooperatives. Contrasts: Less hierarchical than Sumer
Jomon Shellfish Consensus,-14000,-300,Japan,36.5,138.6,Mesolithic,Real,3,Seasonal shellfish harvest rules encoded in midden layers,"Natufian grain stores, Inuit qaggiq",Ecological Democracy,Animism,Yayoi migration,Gender-mixed,Marine foraging,Shell layer tallies,Tidal zone rules,Alcohol-mediated talks,Pottery,Food surplus,Rotation,Archaeology,Parallels: Māori shellfish taboos. Contrasts: Less hierarchical than Dawenkou
Clovis Megafauna Quotas,-13000,-11000,N. America,39,-102,Paleolithic,Real,2,Fluted-point artisans regulating mammoth hunts,"Solutrean hunters, Magdalenian bison cults",Paleolithic Craft Guild,Animism,Extinction event,Gender-balanced,Big game,Stone tool exchanges,Grassland burning,Spear-throwing contests,Flintknapping,Hunting prowess,Merit-based,Archaeology,Parallels: Later bison jumps. Contrasts: Less symbolic than Chauvet
San Xaro Networks,-10000,1800,Southern Africa (Kalahari),-23,21,Paleolithic,Real,4,Hunter-gatherer gift economies enforcing reciprocity,"Igbo assemblies, Potlatch",Gift Exchange Democracy,San animism,Colonialism,Egalitarian,Foraging,Ritual hxaro gifts,Fire-stick farming,Song duels,Poison arrows,Social prestige,Consensus,Ethnography,Parallels: Inuit qaggiq. Contrasts: More egalitarian than Maori iwi
Ainu Bear Ritual Governance,-10000,1869,Japan,43.1,144.3,Paleolithic,Real,3,Ritual bear sacrifices determining hunting territories; Spiritual resource management via sacrificed bears,"Inuit whale cults, Norse berserkers",Animist Ritual Autocracy,Kamuy worship,Japanese annexation,Gender-segregated,Salmon/foraging,Bear skull oracles,Forest taboos,Trial by ordeal,Poison arrows,Spiritual purity,Charismatic,Ethnography,Parallels: Natufian animal rituals. Contrasts: Less sedentary than Jomonfian animal rituals. Contrasts: Less sedentary than Jomon
Indigenous IPLCs,-10000,Present,Global,Varies,Varies,All Ages,Real,4,Traditional ecological governance of indigenous territories,"Iroquois, Aboriginal Dreamtime",Biocultural Stewardship,Animism,Land grabs,Gender-varied,Subsistence,Dreamtime law,Firestick farming,Talking circles,Ethnobotany,Ancestral knowledge,Consensus,UN Reports,Parallels: National parks. Contrasts: Less bureaucratic than states
Yolngu Aboriginal Kinship,-10000,Present,Australia,-12.7,136.8,Paleolithic,Real,4,Dreamtime-based land management via songlines,"San Xaro, Iroquois consensus",Kinship Network,Dreamtime,None,Gender-restricted,Foraging,Song cycles,Fire-stick farming,Elder councils,Didgeridoos,Ancestral law,Oral tradition,Ethnography,Parallels: Inuit qaggiq. Contrasts: No formal hierarchy like Egypt
Fuegian Canoe Councils,-8000,1880,Tierra del Fuego,-54.5,-67.2,Paleolithic,Real,2,Mobile shoreline bands with tide-based decision cycles,"Chumash plank canoes, Polynesian voyagers",Nautical Band Democracy,Animism,European diseases,Egalitarian,Seal hunting,Tide calendars,Kelp forest management,Song duels,Bark canoes,Maritime skills,Consensus,FitzRoy journals,Parallels: Sentinelese isolation. Contrasts: More mobile than Pueblo
Aboriginal Tjurunga Councils,-8000,Present,Australia,-25,133,Paleolithic,Real,3,Sacred stone/law governance via Dreamtime tracks,"Iroquois confederacy, Pueblo councils",Sacred Law Network,Dreamtime,None,Gender-restricted,Foraging,Songline navigation,Bushfire management,Talking circles,Boomerangs,Ancestral knowledge,Elder consensus,Oral history,Parallels: Iroquois wampum. Contrasts: No formal assemblies like Greek ecclesia
Cucuteni-Trypillia Mega-Settlements,-5500,-2750,Ukraine/Moldova,47.7,29.1,Neolithic,Real,5,Egalitarian burn-rotate proto-cities (15k population),"Pueblo councils, Harappan cities",Communal Proto-Democracy,Earth goddess cult,Drought,Matrilocal,Wheat/barley,Seasonal assembly votes,Slash-and-char farming,Council of elders,Megastructure building,Labor pooling,Consensus,Archaeology,Parallels: Harappan water systems. Contrasts: No palaces unlike Mesopotamian ziggurats
Nubian Qustul Sacral Kingship,-3500,-3000,Sudan,22.5,31.9,Predynastic,Real,4,World's first divine kingship (pre-dates Egypt),"Egyptian pharaohs, Mesopotamian ensi",Proto-Theocracy,Cattle cult,Egyptian conquest,Unknown,Cattle/ivory,Ritual iconography,Nile flood farming,Oracle judgments,Incense burners,Cattle herds,Unknown,Tomb artifacts,Parallels: Later Egyptian kingship. Contrasts: No writing unlike Sumer
Sumerian Temple States,-3500,-2334,Mesopotamia,31.3,45.6,Bronze Age,Real,5,Ziggurat-centered redistributive economies,"Inca ayllu, Khmer devaraja",Temple Communism,Sumerian polytheism,Akkadian conquest,Male priests,Barley farming,Cuneiform tablets,Irrigation canals,Temple oracles,Wheeled carts,Grain stores,Appointment,Clay tablets,Parallels: Inca state socialism. Contrasts: More urban than Hawaiian ahupua'a
Indus Priest-Kings,-3300,-1300,Pakistan/India,30.6,72.8,Bronze Age,Real,4,Theocratic urban planners with standardized weights,"Minoan palaces, Tiwanaku",Urban Theocracy,Indus religion,Climate shift,Unknown,Cotton trade,Seal-stamp bureaucracy,Grid cities,Merchant arbitration,Standardized bricks,Water control,Unknown,Archaeology,Parallels: Chinese meritocracy. Contrasts: No monumental tombs like pyramids
Egyptian Nomarchies,-3150,-2686,Egypt,26.8,30.8,Bronze Age,Real,5,Regional governors (nomarchs) under divine pharaoh,"Persian satrapies, Chinese jun",Precinct Feudalism,Kemetic polytheism,Centralization,Male nobles,Wine/grain,Hieroglyph decrees,Nilometer flood control,Vizier courts,Papyrus,Divine mandate,Hereditary,Rosetta Stone,Parallels: Zhou dynasty feudalism. Contrasts: More centralized than Hittite panku
Xia Dynasty Hydraulic Rule,-2070,-1600,China,34.5,109.7,Bronze Age,Real,3,Flood-control bureaucracy described in Bamboo Annals,"Egyptian nomarchies, Indus cities",Hydraulic Despotism,Chinese folk religion,Shang conquest,Male engineers,Millet farming,Bronze vessel edicts,Yellow River dikes,Trial by ordeal,Jade carving,Water management,Hereditary,Bamboo Annals,Parallels: Mesopotamian irrigation states. Contrasts: Less evidence than Sumer
Minoan Thalassocracy,-2000,-1100,Crete,35.3,25.1,Bronze Age,Real,4,Palace-temple maritime network with priestess influence,"Venetian Republic, Phoenician city-states",Maritime Theocracy,Minoan religion,Mycenaean invasion,Female-dominated,Bronze trade,Linear A tablets,Sacred groves,Bull-leaping trials,Fresco art,Naval power,Dynastic,Archaeology,Parallels: Polynesian navigation networks. Contrasts: Less warlike than Phoenicians
Poverty Point Earthwork League,-1700,-1100,USA,32.6,-91.4,Archaic,Real,3,"Pre-agricultural mound builders trading across 1,500km","Caral, Catalhoyuk",Geometric Confederacy,Animism,Climate shift,Gender-balanced,Stone tools,Earthwork alignments,Floodplain management,Pebble voting,Orbicular artifacts,Engineering skill,Consensus,Archaeology,Parallels: British henges. Contrasts: Less sedentary than Hopewell
Hittite Panku Council,-1650,-1200,Anatolia,39.7,34.8,Bronze Age,Real,5,Assembly of nobles to depose kings (Telipinu Edict),"Spartan gerousia, Roman Senate",Constitutional Oligarchy,Hittite polytheism,Sea Peoples,Male elders,Iron smelting,Cuneiform law codes,Rock-cut water systems,Oath-swearing,Iron chariots,Military service,Elective,Cuneiform tablets,Parallels: Early Roman checks on kings. Contrasts: Less democratic than Athenian ecclesia
Hittite Sun Priest-Kings,-1600,-1200,Turkey,40,34,Bronze Age,Real,4,Solar deity rulers with cuneiform law codes,"Egyptian pharaohs, Mesopotamian ensi",Theocratic Monarchy,Hittite polytheism,Sea Peoples,Male priests,Wheat/iron,Cuneiform tablets,Reservoir systems,Trial by ordeal,Iron chariots,Solar alignment,Hereditary,Hattusili III,Parallels: Inca sun worship. Contrasts: Less centralized than Assyria
Mycenaean Wanax System,-1600,-1100,Greece,37.7,22.7,Bronze Age,Real,4,Warlord-kings ruling from cyclopean citadels,"Hittite kings, Celtic chieftains",Military Monarchy,Mycenaean polytheism,Dorian invasion,Male warriors,Olive oil,Linear B tablets,Cistern networks,Dueling,Gold death masks,Plunder,Dynastic,Archaeology,Parallels: Viking jarldoms. Contrasts: Less federated than Phoenician city-states
Shang Dynasty Oracle Kings,-1600,-1046,China,36.1,114.3,Bronze Age,Real,4,Divination-based rule via oracle bone rituals,"Mesoamerican theocracies, Egyptian pharaohs",Theocratic Monarchy,Shang religion,Zhou conquest,Male priests,Bronze working,Oracle bone scripts,Sericulture,Divination trials,Chariots,Ancestral mandate,Hereditary,Oracle bones,Parallels: Zapotec Cocijo cult. Contrasts: More centralized than Maya ajaw
Vedic Sabha Assemblies,-1500,-600,India,28.6,77.2,Bronze Age,Real,3,Tribal assemblies described in Rigveda,"Greek ecclesia, Iroquois confederacy",Tribal Democracy,Vedic Hinduism,Urbanization,Male landowners,Cattle herding,Fire rituals,Forest clearing,Poetic debates,Chariots,Cattle wealth,Election,Vedic texts,Parallels: Germanic thing assemblies. Contrasts: Less formalized than Roman comitia
Lapita Voyaging Networks,-1500,-500,Pacific,-16,167,Iron Age,Real,3,Seafaring clans linked by pottery trade routes,"Polynesian wayfinders, Viking settlers",Maritime Segmentary Democracy,Ancestor worship,Isolation,Gender-mixed,Taro/obsidian,Pottery designs,Coral reef taboos,Canoe races,Outrigger canoes,Navigational knowledge,Charismatic,Archaeology,Parallels: Phoenician trade. Contrasts: Less hierarchical than Tonga
Olmec Were-Jaguar Cult,-1200,-400,Mesoamerica,18.4,-95.2,Bronze Age,Real,4,Shamanistic rule via jaguar transformation iconography,"Minoan bull-leaping, Aztec priesthood",Iconic Theocracy,Olmec animism,Environmental collapse,Male priests,Maize farming,Colossal head carvings,Raised fields,Bloodletting rituals,Jade masks,Religious authority,Charismatic,Archaeology,Parallels: Shang oracle kings. Contrasts: No writing system
Zhou Dynasty Mandate of Heaven,-1046,-256,China,34.7,113.6,Iron Age,Real,5,Feudal decentralization under ritualized monarchy,"Holy Roman Empire, Japanese shogunate",Sacred Feudalism,Chinese folk religion,Qin conquest,Male nobles,Millet/rice,Bronze inscriptions,Well-field system,Ancestral appeals,Iron casting,Celestial mandate,Hereditary,Bamboo Annals,Parallels: European divine right. Contrasts: More bureaucratic than Hittite rule
Hallstatt Salt Lords,-1000,-450,Austria,47.6,13.6,Iron Age,Real,3,Salt-mining aristocrats controlling Alpine trade routes,"Phoenician traders, Carthaginian merchants",Resource Oligarchy,Celtic polytheism,Roman expansion,Male elites,Salt/iron,Wagon track taxes,Forest management,Dueling rituals,Iron tools,Salt monopoly,Hereditary,Archaeology,Parallels: Nabatean water merchants. Contrasts: Less urban than Etruscans
Phoenician Merchant Oligarchies,-1000,-332,Levant,33.9,35.5,Iron Age,Real,5,Harbor city-states ruled by purple-dye cartels,"Venetian Republic, Hanseatic League",Plutocratic Republic,Phoenician polytheism,Alexander's conquest,Male merchants,Cedar/purple dye,Alphabet contracts,Deforestation bans,Trade tribunals,Bireme ships,Commercial monopolies,Elective,Ancient historians,Parallels: Carthaginian suffetes. Contrasts: Less centralized than Egyptian nomes
Adena Moundbuilder Councils,-1000,-200,USA,39,-83,Woodland,Real,3,Earthen mound ceremonial centers with elder councils,"Hopewell, Mississippian",Ritual Theocracy,Animism,Climate change,Gender-balanced,Pipeweed,Effigy pipes,Forest burning,Gift feasts,Burial mounds,Spiritual prestige,Consensus,Archaeology,Parallels: Jomon shell mounds. Contrasts: Less urban than Cahokia
Nok Terracotta Chiefdoms,-1000,300,Nigeria,9.5,8.5,Iron Age,Real,3,Secret society rule through terracotta oracle systems,"Ife bronze heads, Shang oracle bones",Ritual Oligarchy,Ancestor worship,Climate change,Gender-balanced,Yam/iron,Clay divination tokens,Savanna management,Trial by ordeal,Terra cotta sculptures,Esoteric knowledge,Appointment,Archaeology,Parallels: Olmec were-jaguar. Contrasts: Less urban than Axum
Andean Ayllu Systems,-1000,1532,Peru,-13.2,-72.2,Bronze Age,Real,5,Kin-based labor reciprocity and terraced farming,"Inca mit'a, Slavic zadruga",Labor Communism,Andean animism,Spanish conquest,Gender-complementary,Potato/maize,Quipu accounting,Terrace engineering,Mediation by elders,Freeze-dried food,Community labor,Rotation,Archaeology,Parallels: Japanese ie system. Contrasts: More collective than Mesopotamian corvée
Assyrian Military Autocracy,-911,-609,Mesopotamia,36.4,43.1,Iron Age,Real,5,Professional army enforces king's rule through terror,"Roman legions, Napoleonic state",Military Despotism,Assyrian polytheism,Medo-Babylonian revolt,Male soldiers,Tribute economy,Cuneiform decrees,Mass deportations,Flaying punishments,Siege engines,State terror,Hereditary,Cuneiform records,Parallels: Stalinist purges. Contrasts: Less bureaucratic than Persian satrapies
Urartian Hydraulic Kings,-860,-590,Armenia,38.5,43.5,Iron Age,Real,4,Mountain kings building canal networks,"Khmer hydraulics, Nabateans",Alpine Hydraulic Despotism,Urartian polytheism,Median invasion,Male engineers,Wine/iron,Cuneiform irrigation decrees,Terrace farming,Water-sharing trials,Bronze helmets,Water control,Hereditary,Sargon II,Parallels: Inca terrace systems. Contrasts: Less urban than Babylon
Phrygian Matar Cult,-800,-600,Turkey,39,31,Iron Age,Real,2,Mother-goddess priestesses vetoing male rulers,"Minoan Crete, Anatolian Cybele",Gynocratic Theocracy,Cybele worship,Lydian conquest,Female-dominated,Textiles/Oracles,Loom weights,Sacred springs,Ritual dances,Bronze tympana,Religious authority,Appointment,Archaeology,Parallels: Ephesian Artemis cult. Contrasts: Less militarized than Sparta
Etruscan Haruspex Diviners,-800,-100,Italy,42.8,12.4,Iron Age,Real,3,Priest-kings interpreting liver omens for state decisions,"Shang oracle bones, Hittite augurs",Divinatory Autocracy,Etruscan religion,Roman conquest,Male priests,Wine trade,Bronze liver models,Drainage systems,Bird omens,Tunneling,Religious knowledge,Appointment,Cicero,Parallels: Maya daykeepers. Contrasts: Less urban than Rome
Sabaean Dam Council,-800,275,Yemen,15.4,45.3,Classical,Real,3,Hydraulic priests managing Marib Dam allocations,"Nabatean water merchants, Khmer hydraulics",Hydro-Theocracy,Sabaean polytheism,Himyarite conquest,Male priests,Frankincense,Inscription laws,Terraced agriculture,Oracle consultations,Spice routes,Water control,Hereditary,Quranic references,Parallels: Harappan water systems. Contrasts: Less urban than Sumer
Kingdom of Kush,-780,-350,Sudan,19.6,30.4,Iron Age,Real,4,Nubian pharaohs blending Egyptian and African traditions,"Egyptian New Kingdom, Aksum",Sacred Monarchy,Amun cult,Assyrian invasion,Female co-rulers,Gold mining,Pyramid inscriptions,Qanat irrigation,Oracle consultations,Ironworking,Divine kingship,Matrilineal,Herodotus,Parallels: Ptolemaic Egypt. Contrasts: More Africanized than Meroë
Scythian Kurgan Diarchy,-700,-300,Ukraine/Kazakhstan,48,68,Iron Age,Real,4,Dual kingship (warrior/priest) with mobile burial capitals,"Spartan diarchy, Xiongnu",Steppe Dual Monarchy,Tengrism,Sarmatian invasion,Male co-rulers,Horse/grains,Gold plaques,Seasonal pastures,Horse sacrifices,Kurgan mounds,Cavalry loyalty,Elective,Herodotus,Parallels: Hunnic system. Contrasts: Less urban than Persia
Etruscan Lucumones,-700,-100,Italy,42.8,12.4,Iron Age,Real,4,City-kings elected from oligarchic leagues,"Roman kings, Greek tyrants",Elective Monarchy,Etruscan religion,Roman assimilation,Male aristocrats,Wine trade,Liver divination,Drainage systems,Dueling,Bronze mirrors,Wealth accumulation,Appointment,Archaeology,Parallels: Carthaginian suffetes. Contrasts: Less democratic than Roman Republic
Lydian Electrum Oligarchy,-650,-546,Turkey,38,28,Iron Age,Real,3,Merchant-kings minting first coins in Sardis,"Phoenician traders, Greek tyrants",Plutocratic Autocracy,Anatolian polytheism,Persian conquest,Male elites,Silver/gold,Coinage laws,River dredging,Market tribunals,Electrum coins,Wealth accumulation,Usurpation,Herodotus,Parallels: Venetian merchant rule. Contrasts: Less democratic than Athens
Persian Satrapy System,-550,-330,Iran,32.4,53.7,Iron Age,Real,5,Regional governors (satraps) under King of Kings,"Inca suyus, Ottoman millet",Imperial Bureaucracy,Zoroastrianism,Alexander's conquest,Male nobles,Royal Road taxes,Firman decrees,Qanat irrigation,King's justice,Postal system,Centralized power,Appointment,Herodotus,Parallels: Chinese commanderies. Contrasts: More tolerant than Assyria
Roman Republic,-509,-27,Italy,41.9,12.5,Iron Age,Real,5,"Mixed government with consuls, senate, and assemblies","US Constitution, Carthaginian republic",Mixed Constitution,Roman polytheism,Imperialism,Male patricians,Slave plantations,Tabula laws,Aqueducts,Senatorial debates,Concrete,Clientelism,Elective,Cicero,Parallels: Venetian Great Council. Contrasts: More militaristic than Athenian model
Athenian Democracy,-508,-322,Greece,37.9,23.7,Iron Age,Real,5,Direct citizen rule with sortition and ostracism,"Swiss cantons, Iroquois confederacy",Direct Democracy,Greek polytheism,Macedonian conquest,Male citizens only,Olive trade,Ostraka voting,Sacred olive protection,Jury trials,Trireme ships,Public speaking,Lottery,Thucydides,Parallels: Modern referendums. Contrasts: Excluded women/slaves
Celtic Druidic Synods,-500,-100,Western Europe,48.9,2.3,Iron Age,Real,3,Inter-tribal arbitration by oak-worshiping scholars,"Brehon law, Hebrew Sanhedrin",Scholastic Oligarchy,Celtic polytheism,Roman conquest,Male druids,Ironworking,Ogham script,Sacred groves,Poetic duels,Chainmail,Esoteric knowledge,Appointment,Caesar,Parallels: Tibetan lama councils. Contrasts: No written laws
Roman Collegia Guild Republics,-500,300,Italy,41.9,12.5,Classical,Real,4,Trade guilds (collegia) as parallel governance in Rome,"Medieval guilds, Ottoman esnaf",Corporatist Democracy,Imperial cult,Christian bans,Gender-separate,Craftsmanship,Wax-tablet votes,Aqueduct maintenance,Arbitration panels,Concrete,Skill mastery,Election,Digesta,Parallels: Japanese za. Contrasts: Less centralized than legions
Bantu Mfecane Councils,-500,500,Central Africa,-5,23,Iron Age,Real,2,Mobile iron-working clans with age-set governance,"Celtic tribes, Iroquois longhouses",Gerontocratic Expansionism,Animism,None (transformation),Gender-restricted,Iron/bananas,Smelting rituals,Slash-and-burn farming,Initiation trials,Iron tools,Technical skill,Age grades,Oral tradition,Parallels: Polynesian voyaging societies. Contrasts: Less centralized than Zimbabwe
Proto-Norse Thing Assemblies,-500,800,Scandinavia,60,15,Iron Age,Real,3,Outdoor legal assemblies at sacred rocks,"Iroquois longhouse, Greek agora",Archaic Democracy,Norse paganism,Christianization,Male landowners,Iron/amber,Rune stone laws,Forest clearing,Trial by ordeal,Longships,Honor culture,Consensus,Beowulf,Parallels: Celtic oenach. Contrasts: Less urban than Rome
Zapotec Glyph-Judge System,-500,900,Mexico,17.1,-96.7,Classical,Real,4,City-states ruled via 260-day calendar court sessions,"Maya ajaw, Shang diviners",Calendar Bureaucracy,Zapotec religion,Mixtec conquest,Male scribes,Corn/obsidian,Hieroglyph codices,Terrace farming,Ballgame trials,Stucco reliefs,Timekeeping skill,Hereditary,Monte Albán ruins,Parallels: Egyptian viziers. Contrasts: Less warlike than Aztec
Berber Amazigh Councils,-500,1500,North Africa,31.8,-5.5,Medieval,Real,3,Matrilineal desert clans with elected war leaders,"Tuareg federations, Celtic tribes",Tribal Democracy,Amazigh animism,Arab conquest,Gender-balanced,Salt caravans,Tifinagh script,Oasis management,Camel races,Rug weaving,Clan alliances,Consensus,Ibn Khaldun,Parallels: Apache bands. Contrasts: Less urban than Carthage
La Tène Tribal Federations,-450,-50,Switzerland,47,7,Iron Age,Real,4,Decentralized clans united by warrior-artisan elites,"Iroquois confederacy, Germanic tribes",Tribal Confederation,Druidism,Roman conquest,Gender-mixed,Amber/wool,Coin minting,Riverine farming,Bardic contests,Chainmail,Craft prestige,Elective,Julius Caesar,Parallels: Viking thing assemblies. Contrasts: Less centralized than Rome
Rhodes Naval Oligarchy,-408,-164,Greece,36.4,28.2,Classical,Real,4,Merchant admirals enforcing sea laws via bronze tablets,"Venetian Republic, Carthage",Maritime Plutocracy,Cult of Helios,Roman annexation,Male shipowners,Grain trade,Bronze maritime laws,Lighthouse upkeep,Naval tribunals,Colossus,Commercial wealth,Election,Strabo,Parallels: Hanseatic League. Contrasts: Less democratic than Athens
Syracusan Mathematical Tyrants,-400,-212,Sicily,37.1,15.3,Classical,Real,4,Geometer-kings using catapults and mirrors for defense,"Archimedean inventions, Chinese Mohists",Technocratic Tyranny,Greek rationalism,Roman siege,Male elites,Grain/engineering,Geometry proofs,Harbor chains,Algorithmic war,Mirror weapons,Scientific genius,Assassination,Plutarch,Parallels: Da Vinci's Milan. Contrasts: Less stable than Sparta
Nabatean Water Merchants,-400,106,Jordan,30.3,35.4,Classical,Real,4,Desert traders controlling cisterns and spice routes,"Phoenician cities, Venetian Republic",Hydraulic Oligarchy,Arab polytheism,Roman annexation,Gender-mixed,Incense trade,Nabatean script,Terraced agriculture,Caravan arbitration,Rock-cut architecture,Water monopoly,Hereditary,Petra inscriptions,Parallels: Silk Road caravanserais. Contrasts: Less centralized than Egypt
Garamantian Foggaras,-400,700,Libya,26,13,Classical,Real,4,Saharan oasis kings managing underground canals,"Nabateans, Persian qanats",Hydraulic Autocracy,Garamantian religion,Islamic conquest,Male engineers,Date/slave,Foggara maps,Desert irrigation,Water courts,Chariots,Water control,Hereditary,Herodotus,Parallels: Khmer barays. Contrasts: Less urban than Carthage
Theban Sacred Band Oligarchy,-378,-338,Greece,38.3,23.3,Classical,Real,4,150 male couples ruling via military excellence,"Spartan agōgē, Samurai codes",Military Aristocracy,Greek polytheism,Macedonian conquest,Male warriors,Olive/oil,Hoplite drills,Sacred groves,Combat trials,Phalanx tactics,Martial prowess,Merit-based,Plutarch,Parallels: Zulu impi. Contrasts: Less democratic than Athens
Qi Jixia Academy,-350,-221,China,36.8,118.1,Warring States,Real,3,Hundred Schools philosophers advising via debate halls,"Platonic Academy, Nalanda",Scholastic Meritocracy,Syncretic,Qin conquest,Male scholars,Millet/silk,Bamboo scrolls,Irrigation canals,Rhetorical contests,Crossbow triggers,Debate skill,Appointment,Sima Qian,Parallels: Alexandrian Library. Contrasts: Less mystical than Daoist
Mauryan Arthashastra State,-322,-185,India,28.6,77.2,Iron Age,Real,4,Spy-infested bureaucracy per Kautilya's treatise,"Byzantine themes, Qin legalism",Police State,Hinduism,Internal revolt,Male administrators,Rice taxation,Palm-leaf edicts,Forest reserves,Torture chambers,Stepwells,Secret police,Hereditary,Arthashastra,Parallels: Stalin's NKVD. Contrasts: More welfare-oriented than Qin
Yuezhi Nomad Diarchy,-300,30,Kazakhstan,45,65,Classical,Real,3,Dual kingship (military/spiritual) on Central Asian steppe,"Spartan diarchy, Xiongnu",Steppe Diarchy,Tengrism,Kushan consolidation,Male co-rulers,Horse trade,Tamga symbols,Seasonal pastures,Horse races,Composite bows,Cavalry loyalty,Elective,Han chronicles,Parallels: Roman consuls. Contrasts: Less sedentary than Parthia
Sarmatian Female Warbands,-300,400,Russia/Kazakhstan,47,55,Iron Age,Real,3,Matrilocal horse archer clans with warrior women,"Amazons, Dahomey Mino",Gynocratic Militarism,Animism,Gothic invasion,Female warriors,Mare's milk,Tamga brands,Steppe burning,Burial tournaments,Scale armor,Equestrian skill,Matrilineal,Strabo,Parallels: Nart sagas. Contrasts: Less sedentary than Rome
D'mt Beehive Councils,-300,700,Eritrea,15,39,Classical,Real,2,Apiary-based priest-kings ruling through honey tax,"Minoan bee cults, Hittite honey laws",Melitocratic Theocracy,Sabaean polytheism,Axumite conquest,Gender-mixed,Honey/incense,Wax tablets,Sacred groves,Sting ordeals,Beekeeping tech,Ritual purity,Appointment,Archaeology,Parallels: Saho-Irob honey systems. Contrasts: Less documented than Egypt
Bactrian Greek Syncretism,-250,125,Afghanistan,36.7,67,Classical,Real,3,Hellenistic-Indian hybrid rule via bilingual coins,"Seleucid satrapies, Kushan empire",Cultural Hybrid Monarchy,Greco-Buddhism,Kushan conquest,Male elites,Wine/gold,Coin iconography,Irrrigation canals,Philosophical debates,Gandhara art,Cultural fusion,Hereditary,Archaeology,Parallels: Alexandrian Egypt. Contrasts: Less centralized than Rome
Qin Legalism,-221,-206,China,34.2,108.9,Iron Age,Real,5,Standardized totalitarianism with collective punishment,"Mauryan empire, North Korea",Totalitarian Autocracy,Legalism,Peasant revolts,Male bureaucrats,Millet farming,Bamboo strip laws,Great Wall construction,Mutual surveillance,Terracotta army,State terror,Hereditary,Sima Qian,Parallels: Nazi Germany. Contrasts: More centralized than Zhou
Han Dynasty Examination Prototype,-202,220,China,34.5,113.6,Classical,Real,4,Meritocratic county recommendations (keju precursor),"Byzantine themes, British civil service",Merit Bureaucracy,Confucianism,Warlord era,Male scholars,Silk Road,Imperial exams,Granaries,Magistrate courts,Paper,Confucian classics,Appointment,Records of the Grand Historian,Parallels: Ottoman devshirme. Contrasts: Less systematic than Tang exams
Hopewell Copper Exchange,-200,500,USA,39.8,-83.1,Woodland,Real,3,Intertribal cult trading ritual copper across continents,"Minoan traders, Silk Road",Prestige Sphere,Animism,Climate cooling,Gender-mixed,Copper/pipe,Burial mound goods,Forest burning,Gift feasts,Effigy pipes,Artistic influence,Consensus,Archaeology,Parallels: Lapita network. Contrasts: Less urban than Cahokia
Teotihuacan Theocratic Oligarchy,-200,550,Mexico,19.7,-98.8,Classical,Real,4,Apartment-city ruled by temple guilds and merchant clans,"Harappan cities, Khmer empire",Urban Theocracy,Teotihuacan religion,Internal collapse,Gender-balanced,Obsidian trade,Artisan councils,Chinampa farming,Ordeal rituals,Plaster murals,Religious monopolies,Appointment,Archaeology,Parallels: Vatican curia. Contrasts: Less warlike than Maya
Mogollon Pit-House Democracies,-200,1400,USA,33,-109,Woodland,Real,2,Underground council houses for village decisions,"Pueblo kivas, Iroquois longhouses",Subterranean Democracy,Animism,Drought,Gender-mixed,Maize/beans,Painted pottery,Desert irrigation,Mediation circles,Turquoise mosaics,Water knowledge,Rotation,Archaeology,Parallels: Anasazi kivas. Contrasts: Less hierarchical than Hohokam
Kushan Devaputra,30,375,Afghanistan,36,68,Classical,Real,4,Indo-Greek Buddhist kings syncretizing coin portraits,"Mauryan empire, Bactrian Greeks",Syncretic Monarchy,Buddhist-Hindu,Kidarite invasion,Male elites,Silk Road trade,Bilingual coins,Caravanserai,Oath-swearing,Gandhara art,Cultural fusion,Hereditary,Kanishka inscriptions,Parallels: Ptolemaic Egypt. Contrasts: Less centralized than Han
Silla Bone-Rank System,57,935,Korea,35.8,129.2,Classical,Real,4,Aristocratic caste system with sacred bone/bloodline kings,"Indian varnas, Japanese kabane",Hereditary Stratocracy,Korean Buddhism,Goryeo revolt,Male nobles,Rice/iron,Hwarang code,Forest conservation,Poetry duels,Seokguram Grotto,Ancestral purity,Hereditary,Samguk Sagi,Parallels: Persian satrapies. Contrasts: Less meritocratic than Tang
Moche Sacrificial Hydraulics,100,800,Peru,-8.1,-79,Classical,Real,4,Priest-kings conducting rituals for canal irrigation,"Aztec priesthood, Shang oracle kings",Ritual Autocracy,Moche religion,El Niño floods,Male priests,Maize/fishing,Ceramic iconography,Canal irrigation,Combat rituals,Gold metallurgy,Divine mandate,Dynastic,Archaeology,Parallels: Carthaginian child sacrifice. Contrasts: Less urban than Inca
Moche Ceremonial Brewmasters,100,800,Peru,-8.1,-79,Classical,Real,3,Priest-chemists controlling corn beer (chicha) distribution,"Inca aclla, Sumerian beer temples",Fermentation Socialism,Moche religion,Climate change,Gender-mixed,Maize/peanuts,Pottery formulas,Irrigation canals,Ritual drinking,Gold beakers,Chemical knowledge,Appointment,Archaeology,Parallels: Tibetan barley ale. Contrasts: Less centralized than Tiwanaku
Champa Linga-Kings,192,1832,Vietnam,11.9,108.9,Classical,Real,3,Hinduized maritime kingdom with phallic-state cults,"Khmer devaraja, Javanese cults",Iconic Theocracy,Shaivism,Vietnamese conquest,Male priests,Sandalwood,Sanskrit stelae,Terraced rice,Fire rituals,Stone towers,Ritual purity,Hereditary,Chinese annals,Parallels: Greek city-states. Contrasts: Less centralized than Dai Viet
Blemmyes Desert Assemblies,200,600,Sudan,22,35,Classical,Real,3,Headless (shield-bearing) nomadic tribunals,"Spartan agōgē, Tuareg tagelmust",Aniconic Democracy,Pre-Islamic animism,Nubian conquest,Gender-neutral,Camel herding,Shield iconography,Oasis protection,Shield-banging contests,Camel armor,Mobility,Consensus,Procopius,Parallels: Mongolian kurultai. Contrasts: Less sedentary than Kush
Khotanese Buddhist Monarchy,200,1000,China,37.1,79.9,Medieval,Real,3,Mahayana kings ruling via trilingual (Chinese-Tibetan-Saka) edicts,"Tibetan empire, Khmer devaraja",Monastic Kingship,Buddhism,Kara-Khanid invasion,Male monks,Jade trade,Gandhari scrolls,Oasis irrigation,Monk mediation,Fresco art,Religious merit,Hereditary,Stein expeditions,Parallels: Sri Lankan sangha. Contrasts: Less militarized than Tang
Tairona Gold-Shaman Councils,200,1600,Colombia,11.3,-74.1,Classical,Real,3,Mountain priests governing via gold alloy oracles,"Muisca, Inca",Metallurgical Theocracy,Animism,Spanish conquest,Male shamans,Gold/coca,Lost-wax castings,Terraced fields,Mediation huts,Tumbaga alloys,Ritual purity,Apprenticeship,Archaeology,Parallels: Shang bronze rituals. Contrasts: Less urban than Teotihuacan
Mayan Ajaw System,250,900,Mesoamerica,17.2,-89.6,Classical,Real,5,Divine kings competing via calendar rituals and wars,"Khmer devaraja, Egyptian pharaohs",Ritual Kingship,Maya religion,Drought,Male rulers,Cacao trade,Hieroglyph stelae,Terraced fields,Ballgame trials,Zero mathematics,Bloodline purity,Hereditary,Codices,Parallels: Japanese tennō. Contrasts: More decentralized than Inca
Pallava Guild Republics,275,900,India,12.5,80,Classical,Real,3,Temple-city states ruled by artisan collectives,"Venetian republic, Phoenician cities",Corporate Oligarchy,Hinduism,Chola conquest,Gender-mixed,Textiles/perfume,Guild charters,Water tanks,Trade tribunals,Stone carving,Craft guild power,Election,Mahabalipuram reliefs,Parallels: Medieval Flemish guilds. Contrasts: Less naval than Srivijaya
Pictish Matrilineal Kings,300,900,Scotland,57.5,-4.5,Early Medieval,Real,3,Kingship inherited through female lines,"Khasi clans, Mosuo",Matrilineal Monarchy,Pictish animism,Gaelic assimilation,Gender-balanced,Cattle/stone,Ogham stones,Broch maintenance,Stone carving trials,Spiral art,Maternal lineage,Hereditary,Adomnán,Parallels: Lunda Ruwej. Contrasts: Less documented than Irish
Gupta Golden Age,320,550,India,25.6,85.1,Classical,Real,5,Decentralized Hindu renaissance under nominal emperors,"Holy Roman Empire, Heian Japan",Cultural Hegemony,Hinduism,Hun invasions,Male brahmins,Spice trade,Sanskrit dramas,Public hospitals,Poetic debates,Arabic numerals,Religious prestige,Hereditary,Kalidasa,Parallels: Italian Renaissance. Contrasts: Less centralized than Maurya
Ghana Empire Wagadu,400,1200,West Africa,15.7,-8,Medieval,Real,4,Gold-trade federation with sacred silence traditions,"Venetian Republic, Hanseatic League",Commercial Theocracy,African traditional,Almoravid invasion,Male merchants,Gold/salt,Silent barter,Water reservoirs,Griot mediation,Camel caravans,Gold monopoly,Elective,Ibn Battuta,Parallels: Phoenician trade networks. Contrasts: Less urban than Mali
Marajoara Amazonian Queens,400,1300,Brazil,-1.4,-49.3,Classical,Real,2,Floodplain ceramicists governing via female lineages,"Minoan Crete, Bantu matrilineal",Gynocratic Hydraulics,Animism,Climate change,Female rulers,Manioc/fish,Urn burials,Raised fields,Pottery duels,Terra preta,Artistic prestige,Hereditary,Archaeology,Parallels: Cucuteni-Trypillia. Contrasts: Less urban than Maya
Visigothic Code Judges,418,711,Spain,40.4,-3.7,Early Medieval,Real,3,Germanic-Roman hybrid courts using Lex Visigothorum,"Byzantine law codes, Islamic qadis",Legal Syncretism,Arian Christianity,Muslim conquest,Male judges,Sheep farming,Law books,Transhumance trails,Trial by oath,Plow technology,Legal expertise,Appointment,Isidore of Seville,Parallels: Anglo-Saxon witan. Contrasts: Less centralized than Francia
Sogdian Merchant-Republics,500,750,Uzbekistan,39,66,Medieval,Real,4,Caravanserai city-states with rotating magistrates,"Phoenician colonies, Hanseatic League",Commercial Democracy,Zoroastrianism,Arab conquest,Male traders,Silk/glass,Contract tablets,Oasis management,Arbitration panels,Camel caravans,Trade networks,Rotation,Xuanzang,Parallels: Swahili city-states. Contrasts: Less unified than Tang
Frisian Tribal Thing,500,800,Netherlands/Germany,53.2,5.8,Early Medieval,Real,3,Coastal Germanic assemblies with elected judges,"Icelandic Althing, Saxon Witenagemot",Maritime Tribal Democracy,Germanic paganism,Frankish conquest,Gender-mixed,Fishing/salt,Thing votes,Dike building,Trial by ordeal,Clinker boats,Kin networks,Consensus,Archaeology,Parallels: Viking things. Contrasts: Less formalized than Roman forums
Sogdian Merchant Caravanserais,500,800,Uzbekistan,39.7,66.9,Medieval,Real,4,Silk Road city-states governed by Zoroastrian guilds,"Venetian Republic, Phoenician colonies",Caravan Oligarchy,Zoroastrianism,Arab conquest,Male traders,Silk/glass,Sogdian contracts,Oasis management,Guild tribunals,Camel saddles,Trade routes,Appointment,Xuanzang,Parallels: Berber trans-Saharan networks. Contrasts: Less unified than Hanseatic
Dalriada Gaelic Law Schools,500,900,Scotland,56.8,-5.4,Early Medieval,Real,2,Bardic judges memorizing 300+ legal triads,"Brehon law, Hebrew yeshivas",Oral Jurisprudence,Celtic Christianity,Viking raids,Male jurists,Cattle herding,Poetic recitals,Forest laws,Satire punishments,Ogham script,Poetic memory,Appointment,Adomnán,Parallels: Druidic colleges. Contrasts: Less written than Roman law
Sao Clay Wall Cities,500,1500,Chad,13,15,Medieval,Real,3,Fortified city-states governed by clay sculptors,"Nok culture, Great Zimbabwe",Ceramic Urbanism,Ancestor cult,Kanem conquest,Gender-balanced,Millet/fish,Pottery tallies,Lake Chad management,Clay mask trials,Terracotta fortifications,Artistic merit,Appointment,Ibn Furtu,Parallels: Pueblo pottery cultures. Contrasts: Less centralized than Mali
Irish Brehon Law,500,1600,Ireland,53.5,-8,Medieval,Real,4,Professional jurists (brehons) interpreting customary law,"Iroquois consensus, Roman civil law",Legalistic Meritocracy,Celtic Christianity,English conquest,Gender-mixed,Cattle/dairy,Legal poetry texts,Forest coppicing,Compensation payments,Harp technology,Legal expertise,Appointment,Book of Kells,Parallels: Talmudic courts. Contrasts: Less centralized than Norman
Calusa Shell Mound Kingdom,500,1700,USA,26.5,-81.9,Medieval,Real,3,Estuary kings building monumental shell pyramids,"Cahokia, Poverty Point",Shell Heap Monarchy,Animism,European diseases,Male fisher-kings,Shellfish,Conch trumpet edicts,Mangrove canals,Wrestling matches,Shell tools,Maritime dominance,Hereditary,Spanish logs,Parallels: Jomon middens. Contrasts: Less agricultural than Maya
Chumash Tomol Canoe Guilds,500,1800,California,34.5,-120,Medieval,Real,3,Plank-canoe builders controlling coastal trade networks,"Polynesian voyagers, Viking shipwrights",Nautical Craft Oligarchy,Chumash religion,Spanish missions,Gender-separate,Shell beads,Tide charts,Kelp forest quotas,Whalebone courts,Tomol boats,Maritime trade,Hereditary,Archaeology,Parallels: Hanseatic cog builders. Contrasts: Less warlike than Phoenicians
Sámi Siida Councils,500,1800,Scandinavia,68,23,Medieval,Real,4,Reindeer-herding units with seasonal decision sites,"Inuit qaggiq, Mongol nutug",Pastoral Communalism,Sámi animism,State borders,Gender-balanced,Reindeer fur,Drum divination,Tundra rotation,Song duels,Ski technology,Kin networks,Consensus,Oral history,Parallels: Nenets yamal. Contrasts: Less hierarchical than Norse
Göktürk Orkhon Script Khans,552,744,Mongolia,47.9,106.9,Medieval,Real,4,Nomadic empire with runic law inscriptions; Steppe khans legislating via Orkhon stelae,"Hunnic assemblies, Turkic khaganates; Hittite cuneiform, Viking runestones",Nomadic Constitutional Monarchy,Tengrism,Uyghur revolt,Male warriors,Horse breeding,Orkhon inscriptions,Seasonal pastures,Oath-swearing,Stirrups,Military loyalty,Elective,Orkhon inscriptions,Parallels: Spartan dual kings. Contrasts: More fluid than Chinese dynasties
Wari Tinku Labor System,600,1000,Peru,-13,-72,Medieval,Real,4,Imperial labor rotation with ritual combat festivals,"Inca mit'a, Roman collegia",Labor Militarism,Andean polytheism,Drought,Gender-complementary,Potato/llama,Khipu records,Terrace wars,Ritual battles,Trophy heads,State service,Rotation,Archaeology,Parallels: Greek Olympic truces. Contrasts: Less centralized than Tiwanaku
Tang Dynasty Keju,618,907,China,34.3,108.9,Medieval,Real,5,First civil service exams open to commoners,"British Empire exams, French concours",Merit Bureaucracy,Confucianism,Huang Chao rebellion,Male scholars,Tea/porcelain,Exam halls,Grand Canal,Magistrate courts,Woodblock printing,Confucian classics,Testing,New Book of Tang,Parallels: Modern SATs. Contrasts: No female candidates
Tang Fanzhen Clans,618,907,China,34.3,108.9,Medieval,Real,4,Elite genealogies (zupu) controlling exam nominations,"Korean bone-ranks, Japanese kuge",Aristocratic Bureaucracy,Confucianism,Huang Chao revolt,Male clans,Tea/porcelain,Family registries,Grand Canal,Ancestral appeals,Woodblock printing,Lineage prestige,Hereditary,New Book of Tang,Parallels: Venetian patricians. Contrasts: Less mobile than Tang exams
Khazar Jewish Khaganate,650,965,Russia/Kazakhstan,47,50,Medieval,Real,4,Dual Turkic-Jewish rule with religious tolerance,"Holy Roman Empire, Polish-Lithuanian",Elective Diarchy,Judaism/Tengrism,Kievan conquest,Male khagans,Fur/slaves,Hebrew coins,River trade,Rabbinical courts,Sabers,Commercial networks,Rotation,Ibn Fadlan,Parallels: Almoravid syncretism. Contrasts: Less centralized than Abbasids
Srivijayan Maharaja Mandala,650,1377,Indonesia,-3,102.3,Medieval,Real,3,Floating palace-kings controlling Malacca Strait,"Majapahit, Phoenician colonies",Naval Tributary Hegemony,Mahayana Buddhism,Javanese invasion,Male traders,Pepper/gold,Old Malay inscriptions,Mangrove silviculture,Monk mediation,Borobudur ships,Trade monopolies,Dynastic,Chinese chronicles,Parallels: Venetian Republic. Contrasts: Less urban than Angkor
Srivijayan Mandala,650,1377,Indonesia,-3,102,Medieval,Real,4,"Floating palace diplomacy with tributary ""galactic polity""","Khmer empire, Majapahit",Maritime Tributary Hegemony,Vajrayana Buddhism,Javanese invasion,Male sea-kings,Spice trade,Sanskrit inscriptions,Mangrove conservation,Naval tribunals,Borobudur ships,Harbor control,Dynastic,Chinese annals,Parallels: Athenian Delian League. Contrasts: Less centralized than Angkor
Byzantine Theme System,680,1204,Turkey,41,28.9,Medieval,Real,5,Farmer-soldier provinces with military governors,"Persian satrapies, Qin commanderies",Military Agrarianism,Orthodox Christianity,Crusader sack,Male strategoi,Wheat/silk,Taktika manuals,Aquaducts,Tribunal courts,Greek fire,Land grants,Appointment,Anna Komnene,Parallels: Ottoman timar. Contrasts: More centralized than feudalism
Venetian Republic,697,1797,Italy,45.4,12.3,Medieval,Real,5,Oligarchic merchant state with elaborate election lotteries,"Carthage, Dutch Republic",Aristocratic Republic,Catholicism,Napoleon,Male patricians,Spice trade,Ballottino voting,Lagoon dredging,Council of Ten,Glassmaking,Trade monopolies,Sortition,Machiavelli,Parallels: Singaporean PAP. Contrasts: Less democratic than Athens
Kanem Duguwa Nomad-Kings,700,1380,Chad,14.1,15.3,Medieval,Real,3,Camel-borne dynasties ruling via Saharan trade networks,"Mongol khans, Tuareg federations",Mobile Pastoral Autocracy,African traditional,Bulala invasion,Male warrior-elite,Salt/slaves,Camel caravans,Oasis conservation,Blood price payments,Camel saddles,Trade routes,Elective,Ibn Furtu,Parallels: Bedouin tribal councils. Contrasts: More centralized than Berbers
Anasazi Kiva Water Councils,750,1300,USA,36.1,-109.5,Medieval,Real,4,Underground chambers managing desert irrigation,"Pueblo, Nabateans",Hydraulic Democracy,Ancestral Puebloan,Drought,Gender-restricted,Corn/beans,Petroglyph maps,Canyon terracing,Mediation sipapu,Turquoise mosaics,Water knowledge,Rotation,Archaeology,Parallels: Qanat systems. Contrasts: Less centralized than Hohokam
Viking Law Speakers,800,1200,Scandinavia,61,10,Medieval,Real,5,Itinerant judges memorizing tribal laws at Things,"Druidic bards, Hebrew rabbis",Oral Jurisprudence,Norse paganism,Christianization,Male lawspeakers,Fish/iron,Poetic recitals,Fjord management,Hólmgang duels,Rune stones,Memory prestige,Appointment,Sagas,Parallels: Maori tohunga. Contrasts: Less written than Roman
Welsh Cantrefi,800,1282,Wales,52.5,-3.5,Medieval,Real,3,Clan-based micro-kingdoms with communal pasture rights,"Swiss alpine communes, Andean ayllu",Pastoral Segmentary State,Christianity,English conquest,Gender-mixed,Sheep/wool,Cywydd poetry,Hillfort grazing,Poetic duels,Longbows,Kin networks,Elective,Mabinogion,Parallels: Basque fueros. Contrasts: Less urban than Anglo-Saxon shires
Orkney Jarl Sea-Kingdoms,800,1468,Scotland,59,-3,Medieval,Real,3,Norse earls ruling via thing sites and runestones,"Icelandic Althing, Isle of Man",Archipelago Elective Monarchy,Norse paganism,Scottish annexation,Male landowners,Fishing/whaling,Rune stone laws,Tidal mills,Hólmgang duels,Longships,Naval prowess,Election,Orkneyinga Saga,Parallels: Faroese ting. Contrasts: Less democratic than Norway
Chachapoya Cloud Forest Clans,800,1470,Peru,-6.7,-77.8,Medieval,Real,3,Independent hilltop fortresses with mummy councils,"Caucasian tribes, Maori pa",Geronocratic Militarism,Ancestor cult,Inca conquest,Gender-balanced,Quinoa/coca,Mummy bundles,Cloud forest terracing,Clan duels,Stone sarcophagi,Ancestral authority,Hereditary,Archaeology,Parallels: Himalayan dzong. Contrasts: Less unified than Chimú
Frisian Sea-Law Republics,800,1500,Netherlands,53.2,5.8,Medieval,Real,3,Coastal communes governed by tidal customary law,"Venetian lagoon systems, Icelandic Althing",Hydraulic Democracy,Christianity,Habsburg rule,Gender-neutral,Fishing/salt,Terp mound laws,Dike maintenance,Tide jury courts,Ship mills,Maritime expertise,Election,Lex Frisionum,Parallels: Maldives coral governance. Contrasts: Less centralized than Denmark
Frisian Moot Hall Democracy,800,1500,Netherlands,53.2,5.8,Medieval,Real,3,Tidal-flat assemblies in terp mound meeting halls,"Icelandic Althing, Swiss landsgemeinde",Hydraulic Democracy,Germanic paganism,Habsburg rule,Gender-neutral,Fishing/salt,Peat laws,Dike maintenance,Tide juries,Ship mills,Maritime law,Consensus,Lex Frisionum,Parallels: Venetian lagoon governance. Contrasts: Less merchant-driven than Lübeck
Taino Cacique Matrilineage,800,1500,Cuba,21.5,-78,Medieval,Real,3,Island chiefs inheriting through sister's sons,"Iroquois, Minangkabau",Avuncular Chiefdom,Zemíism,Spanish conquest,Gender-balanced,Cassava/yucca,Duho stool councils,Conuco mounds,Batey ballgames,Hammocks,Matrilineal ties,Hereditary,Columbus logs,Parallels: Khasi clans. Contrasts: Less warlike than Carib
Holy Roman Imperial Diarchy,800,1806,Central Europe,50.1,8.7,Medieval,Real,5,Elective emperor + prince-bishop power-sharing,"Byzantine co-emperors, Spartan kings",Decentralized Elective Empire,Catholicism,Napoleon,Male rulers,Manorialism,Golden Bull,Forest laws,Reichskammergericht,Stained glass,Feudal oaths,Elective,Voltaire,Parallels: EU governance. Contrasts: More fragmented than China
Domari Blacksmith Networks,800,Present,Middle East,31,36,Medieval-Modern,Real,3,Ironworking clans preserving secret languages,"Lom Armenians, Yuchi people",Guild Anarchy,Domari religion,Assimilation,Gender-separate,Metalwork,Oath-bound secrets,None,Fire ordeals,Anvil tools,Esoteric knowledge,Hereditary,Ethnography,Parallels: Mande blacksmiths. Contrasts: Less visible than Jews
Khmer Devaraja,802,1431,Cambodia,13.4,103.8,Medieval,Real,5,Hydraulic empire where kings embodied Hindu gods,"Egyptian pharaohs, Shinto tennō",Divine Kingship,Hindu-Buddhism,Thai invasion,Male god-kings,Rice farming,Sanskrit inscriptions,Baray reservoirs,Temple ordeals,Angkor Wat,Water control,Hereditary,Zhou Daguan,Parallels: Inca divine rule. Contrasts: More temple-focused than Byzantium
Ghana Empire,830,1235,West Africa,15.7,-8,Medieval,Real,4,Silent barter gold trade under sacred kings,"Venetian Republic, Zimbabwe",Ritual Monarchy,African traditional,Almoravid invasion,Male rulers,Gold/salt,Drum communication,Well systems,Griot arbitration,Camel trains,Gold monopoly,Hereditary,Ibn Hawqal,Parallels: Phoenician trade secrecy. Contrasts: Less urban than Timbuktu
Pagan Temple-State,849,1297,Myanmar,21.2,94.9,Medieval,Real,4,"Buddhist kings ruling via 10,000 brick temple networks","Khmer empire, Angkor Wat",Architectural Theocracy,Theravada Buddhism,Mongol invasion,Male monks,Rice trade,Pali inscriptions,Reservoir systems,Temple ordeals,Gilded stupas,Religious merit,Hereditary,Burmese chronicles,Parallels: Egyptian pyramid-builders. Contrasts: Less maritime than Srivijaya
Chola Naval Assemblies,850,1279,India,10.5,79.5,Medieval,Real,5,Seafaring corporations with elected admiral-governors,"Venetian republic, Polynesian navigators",Thalassocratic Meritocracy,Hinduism,Pandyan resurgence,Male merchants,Pepper/textiles,Copperplate votes,Shipyard forests,Naval reviews,Bronze cannons,Maritime skill,Election,Rajaraja inscriptions,Parallels: Phoenician city-states. Contrasts: Less democratic than Icelandic Althing
Toltec Warrior-Priest State,900,1150,Mexico,19.7,-98.8,Medieval,Real,3,Militarized theocracy with Quetzalcoatl cult and ballgame courts,"Aztec priesthood, Mycenaean wanaxes",Stratocratic Theocracy,Mesoamerican religion,Drought,Male elites,Obsidian/feathers,Pictographic codices,Chinampas,Ritual ballgames,Atlatl darts,Divine warfare,Hereditary,Archaeology,Parallels: Spartan agōgē. Contrasts: Less artistic than Maya
Toltec Warrior-Poet State,900,1150,Mexico,19.7,-98.8,Medieval,Real,4,Military-artistic elite ruling via sacred ballcourts,"Aztec priesthood, Mycenaean wanax",Stratocratic Theocracy,Quetzalcoatl cult,Drought,Male warriors,Obsidian/feathers,Pictographic codices,Chinampas,Ritual ballgames,Atlatl darts,Martial-poetic skill,Hereditary,Archaeology,Parallels: Spartan agōgē. Contrasts: Less bureaucratic than Inca
Pomeranian Veleti Tribal Republic,900,1200,Germany/Poland,54,16,Medieval,Real,3,Baltic Slavic maritime clans with sacred oak councils,"Venetic republic, Frisian thing",Amphibious Democracy,Slavic paganism,German crusades,Gender-mixed,Amber/fish,Oak carving tallies,Lagoon fishing,Ritual swims,Cog boats,Sacred groves,Consensus,Helmold,Parallels: Jomsvikings. Contrasts: Less urban than Hanseatic
Volga Bulgar Islamic Merchants,900,1236,Russia,55,49,Medieval,Real,3,Imam-merchant councils governing fur trade routes,"Venetian Republic, Swahili city-states",Commercial Theocracy,Islam,Mongol invasion,Male elites,Fur/honey,Arabic contracts,Forest conservation,Qadi courts,Birchbark deeds,Religious commerce,Appointment,Ibn Battuta,Parallels: Hanseatic League. Contrasts: Less urban than Baghdad
Faroe Islands Løgting,900,Present,Faroe Islands,62,-7,Medieval-Modern,Real,4,Unbroken Norse parliamentary tradition with gender quotas,"Icelandic Althing, Manx Tynwald",Arctic Democracy,Lutheranism,None (ongoing),Gender-balanced,Fishing,Consensus voting,Marine quotas,Mediation circles,Fish farming tech,Maritime equity,Rotation,Løgting records,Parallels: Scottish devolution. Contrasts: Less centralized than Denmark
Icelandic Commonwealth,930,1262,Iceland,64,-19,Medieval,Real,5,Farmer-lawyers resolving disputes through saga precedents,"Athenian democracy, Iroquois league",Literary Anarchy,Norse Christianity,Norwegian takeover,Gender-mixed,Fish/wool,Law rock recitals,Grassroots protection,Hólmgang duels,Sagas,Legal memory,Consensus,Njáls saga,Parallels: Swiss cantons. Contrasts: Less centralized than Sweden
Icelandic Althing,930,1799,Iceland,64.1,-21.9,Medieval,Real,5,World's oldest parliamentary body with outdoor deliberations,"Iroquois confederacy, Swiss landsgemeinde",Arctic Democracy,Norse paganism,Danish rule,Male landowners,Fishing,Lawspeaker recitals,Grassroots protection,Hólmgang duels,Sagas,Honor culture,Elective,Njáls saga,Parallels: Viking thing sites. Contrasts: More isolated than Athenian ecclesia
Althingi Carbon-Neutral Parliament,930,Present,Iceland,64.1,-21.9,Medieval-Modern,Real,5,World's oldest parliament now fully geothermal-powered,"Swiss cantons, Athenian democracy",Sustainable Democracy,Secularism,None (ongoing),Gender-neutral,Geothermal energy,Digital petitions,Reforestation,Citizen assemblies,Direct drilling tech,Volcanic energy,Elections,Katrín Jakobsdóttir,Parallels: Bhutanese GNH. Contrasts: Less populous than Sweden
Nri Kingdom Pacifist Theocracy,948,1911,Nigeria,6.2,7,Medieval,Real,3,Priest-kings enforcing peace via ritual purity (iko),"Jain republics, Buddhist sangha",Pacifist Theocracy,Igbó úkwú,British invasion,Male priests,Yam farming,Nsibidi scripts,Sacred forests,Mediation sticks,Bronze vessels,Spiritual authority,Appointment,Nri artifacts,Parallels: Quaker communities. Contrasts: Less militarized than Zulu
Tongan Maritime Tui Empire,950,1865,Tonga,-21.1,-175.2,Medieval,Real,4,Sacred kings (Tui Tonga) ruling via canoe-borne nobles,"Hawaiian aliʻi, Viking sea-kings",Thalassocratic Theocracy,Polynesian religion,Christianization,Male chiefs (female advisors),Yams/tribute,Oral genealogies,Coral reef taboos,Kava ceremonies,Double-hulled canoes,Divine mandate,Hereditary,Captain Cook,Parallels: Khmer devaraja. Contrasts: Less urban than Majapahit
Manx Tynwald,979,Present,Isle of Man,54.2,-4.5,Medieval,Real,5,Continuous parliamentary assembly with outdoor moot hill,"Icelandic Althing, Swiss landsgemeinde",Archaic Democracy,Norse Christianity,None (ongoing),Male landowners,Herring fishing,Rune stone laws,Coastal conservation,Deemster courts,Shipbuilding,Maritime law,Elective,Tynwald records,Parallels: Faroese Løgting. Contrasts: More isolated than Westminster
Jomsviking Warrior Commune,980,1043,Denmark/Poland,55,16,Medieval,Real,3,Elite mercenary harbor with strict celibacy code,"Spartan agōgē, Teutonic Order",Martial Monasticism,Norse paganism,Norwegian invasion,Male warriors,Plunder/Iron,Initiation oaths,Harbor maintenance,Trial by combat,Longships,Military discipline,Appointment,Sagas,Parallels: Samurai clans. Contrasts: Less religious than Templars
Greenland Norse Althing,985,1450,Greenland,61,-45,Medieval,Real,3,Arctic farming communes with ice-bound parliaments,"Icelandic Althing, Inuit qaggiq",Cryo-Democracy,Norse Christianity,Climate cooling,Gender-mixed,Dairy/whale,Icehouse votes,Grassland protection,Blót sacrifices,Turf houses,Survival skills,Rotation,Archaeology,Parallels: Alpine communes. Contrasts: Less adaptive than Inuit
Gotlandic Sea-Farmer Althing,1000,1400,Sweden,57,18,Medieval,Real,4,Farmer-pirates balancing trade and agriculture,"Venetian republic, Viking warbands",Agrarian Thalassocracy,Norse paganism,Danish rule,Gender-mixed,Grain/silver,Runic law stones,Coastal rotation,Stone ship duels,Clinker boats,Maritime law,Consensus,Gutasaga,Parallels: Genoese colonies. Contrasts: Less centralized than Denmark
Ruthenian Viche,1000,1500,Ukraine/Belarus,50.5,30.5,Medieval,Real,3,Slavic tribal assemblies with bell-summoned meetings,"Icelandic Althing, Novgorod veche",Tribal Democracy,Slavic paganism,Lithuanian conquest,Male warriors,Forest products,Bell assemblies,Riverine management,Dueling,Bark scrolls,Charismatic leaders,Consensus,Nestor Chronicle,Parallels: Germanic things. Contrasts: Less urbanized than Hanseatic towns
Swahili Waungwana Councils,1000,1500,Kenya,-4.1,39.7,Medieval,Real,4,Merchant aristocrats governing stone cities via Shirazi lineage myths,"Venetian patricians, Phoenician colonies",Urban Oligarchy,Islam,Portuguese invasion,Male elite,Ivory/glass,Arabic ledgers,Coral architecture,Qadi courts,Dhows,Trade monopolies,Hereditary,Ibn Battuta,Parallels: Hanseatic League. Contrasts: More Islamic than Malacca
Nan Madol Coral Kingdoms,1000,1500,Micronesia,6.8,158.3,Medieval,Real,4,Artificial island city ruled by priest-engineers,"Venetian lagoon, Khmer hydraulics",Coral Theocracy,Saudeleur cult,Invasion,Male priests,Breadfruit/reef fish,Basalt megaphones,Mangrove canals,Tidal traps,Prismatic stone,Engineering prestige,Hereditary,Oral history,Parallels: Maya canal cities. Contrasts: Less urban than Angkor
Timucua Waterborne Councils,1000,1565,USA,30,-82,Medieval,Real,2,Stilt-house villages with aquatic resource management,"Chinook, Polynesian lagoons",Lacustrine Democracy,Animism,Spanish conquest,Gender-mixed,Fish/maize,Shell gorgets,Swamp canals,Canoe races,Digging sticks,Floodplain expertise,Consensus,Spanish logs,Parallels: Bangledesh floating villages. Contrasts: Less monumental than Calusa
Finnish Kalevala Singing Governors,1000,1600,Finland,63,27,Medieval,Real,2,Shaman-chiefs ruling through epic poem recitations,"Homeric bards, Vedic rishis",Poetic Theocracy,Finnish paganism,Swedish conquest,Male singers,Fur/fish,Spell songs,Forest burning,Singing contests,Kantele harps,Magical knowledge,Charismatic,Kalevala,Parallels: Druidic colleges. Contrasts: Less structured than Swedes
Sami Noaide Shamanic Bands,1000,1800,Scandinavia,68.3,19.5,Medieval,Real,3,Reindeer-herding clans guided by trance-mediums,"Siberian shamans, Inuit angakkuit",Animist Gerontocracy,Sami religion,Christianization,Gender-balanced,Reindeer herding,Drum divination,Migratory routes,Spirit mediation,Antler carving,Sacred knowledge,Charismatic,Oral tradition,Parallels: Native American medicine societies. Contrasts: Less sedentary than Norse
Tahitian Arioi Cult Society,1000,1800,French Polynesia,-17.7,-149.4,Medieval,Real,3,Elite artist-priests enforcing taboo systems,"Druidic bards, Japanese tengu",Ritual Performance Oligarchy,Polynesian religion,Christianity,Gender-fluid,Breadfruit,Chant competitions,Sacred groves,Dance-offs,Tapa cloth,Artistic skill,Initiation,Captain Bligh,Parallels: Greek Dionysian cults. Contrasts: Less warlike than Māori
Siberian Yukaghir Moon Calendar,1000,1800,Russia,68,154,Medieval,Real,2,Lunar-cycle hunting bans enforced by tooth-mark tallies,"Inuit, Paleolithic clans",Selenocratic Anarchy,Animism,Russian conquest,Gender-neutral,Elk/fish,Carved bone calendars,Taiga corridors,Ritual scarification,Antler tools,Celestial timing,Charismatic,Archaeology,Parallels: Natufian lunar counts. Contrasts: Less complex than Babylonian
Hawaiian Kapu System,1000,1819,Hawaii,19.9,-155.5,Early Modern,Real,3,Taboo-based hierarchy with sacred king (aliʻi nui),"Polynesian tapu, Inca sumptuary laws",Sacred Autocracy,Hawaiian religion,Missionary overthrow,Gender-segregated,Taro farming,Priestly proclamations,Ahupuaʻa watersheds,Death penalty breaches,Fishpond aquaculture,Mana (spiritual power),Hereditary,Captain Cook,Parallels: Japanese tennō. Contrasts: Less bureaucratic than Egypt
Hawaiian Ahupuaʻa System,1000,1819,Hawaii,19.9,-155.5,Medieval,Real,4,Mountain-to-sea resource zones managed by konohiki,"Inca suyus, Japanese shoen",Vertical Resource Communism,Polynesian religion,Christian overthrow,Gender-separated,Taro farming,Kapu sticks,Terrace irrigation,Death penalties,Fishpond aquaculture,Mana (spiritual power),Hereditary,Captain Cook,Parallels: Andean ayllu. Contrasts: Less bureaucratic than China
Fijian Bati Warrior Guilds,1000,1874,Fiji,-18.1,178.4,Medieval,Real,3,Tattooed mercenaries enforcing chiefly taboos,"Spartan agōgē, Zulu impi",Military Brotherhood,Animism,British annexation,Male warriors,Yams/whales,Club-carved laws,Coral reef bans,Ritual cannibalism,War canoes,Martial skill,Initiation,Ethnography,Parallels: Māori toa. Contrasts: Less democratic than Tonga
Saho-Irob Mountain Democracies,1000,1885,Eritrea,15.2,39.5,Medieval,Real,2,Highland clans with honey-based conflict resolution,"Swiss cantons, Basque fueros",Pastoral Democracy,Cushitic religion,Ethiopian annexation,Gender-balanced,Apiculture,Honey-sharing pacts,Terrace farming,Mediation feasts,Stone cisterns,Beekeeping skill,Consensus,Italian records,Parallels: Berber jar systems. Contrasts: Less hierarchical than Axum
Yoruba Ogboni Earth Justice,1000,1893,Nigeria,7.5,4.5,Medieval,Real,4,Secret society balancing kings via sacred edan staffs,"Freemasonry, Iroquois condolence",Geomantic Democracy,Ifá divination,British conquest,Gender-restricted,Kola nuts,Ikín divination,Sacred groves,Oath-swearing,Bronze casting,Ancestral authority,Consensus,Ife bronzes,Parallels: Druidic synods. Contrasts: Less centralized than Benin
Igbo Umunna Councils,1000,1900,Nigeria,5.5,7,Early Modern,Real,3,Lineage-based democracy with masked arbitration,"Swiss cantons, Athenian ecclesia",Segmentary Democracy,Odinani,British conquest,Male elders,Yam/palm oil,Nsibidi symbols,Sacred groves,Mmanwu masquerades,Bronze casting,Age grades,Consensus,Oral history,Parallels: Greek polis. Contrasts: Less centralized than Benin
Yupik Bladder Festival Rule,1000,1900,Alaska,61.2,-163,Medieval,Real,3,Annual seal-bladder ceremonies regulating hunting quotas,"Inuit qaggiq, Ainu bear rites",Ritual Ecology,Animism,Russian colonization,Gender-mixed,Whale/seal,Bladder masks,Ice hole management,Drum contests,Bentwood boxes,Spiritual balance,Charismatic,Ethnography,Parallels: Jomon shell mounds. Contrasts: Less agricultural than Haida
Marshallese Stick Chart Navigators,1000,1914,Marshall Islands,7.1,171.4,Medieval,Real,3,Wave-pattern experts ruling via palm-rib hydrography,"Polynesian wayfinders, Venetian chartmakers",Nautical Gerontocracy,Animism,German colonization,Male navigators,Coconut trade,Stick maps,Lagoon conservation,Star-compass trials,Outrigger canoes,Tidal knowledge,Apprenticeship,Ethnography,Parallels: Norse sunstones. Contrasts: Less urban than Majapahit
Samoan Matai Talking Chiefs,1000,Present,Samoa,-13.8,-171.8,Medieval,Real,4,Orator-chiefs (tulafale) directing village councils,"Iroquois speakers, Greek rhetors",Oratorial Democracy,Polynesian religion,None (ongoing),Gender-mixed,Breadfruit,Proverb debates,Forest taboos,Speech contests,Tapa cloth,Verbal artistry,Consensus,Margaret Mead,Parallels: Swiss landsgemeinde. Contrasts: Less hierarchical than Tonga
Nenets Yamal Clan Councils,1000,Present,Russia,67.5,77.9,Medieval,Real,3,Tundra nomads voting via reindeer-antler tallies,"Turkic kurultai, Mongol khuriltai",Antler Democracy,Shamanism,Russian annexation,Male herders,Reindeer fur,Bone notches,Permafrost protection,Ritual combat,Chum tents,Animal wealth,Consensus,Ethnography,Parallels: Native American winter counts. Contrasts: Less centralized than Siberia
Xingu Tribal Aquatic Law,1000,Present,Brazil,-12.4,-53.2,Medieval,Real,3,Riverine tribes enforcing piranha-fishing taboos,"Juruna, Kayapo",Fluvial Anarchy,Animism,None (ongoing),Gender-neutral,Fish/cassava,Water glyphs,Oxbow lake bans,Ritual dunking,Ceramic filters,Riverine knowledge,Consensus,Ethnography,Parallels: Mekong fishing rules. Contrasts: Less hierarchical than Inca
Faroese Sheep Court,1000,Present,Faroe Islands,62,-7,Medieval,Real,3,Highland assemblies dividing grazing lands,"Icelandic Althing, Swiss alp rights",Pastoral Democracy,Christianity,None (ongoing),Gender-neutral,Sheep/wool,Stone boundary marks,Mountain grazing,Poetic verdicts,Turf roofs,Equitable shares,Rotation,Føroya søga,Parallels: Sardinian pastoralism. Contrasts: Less hierarchical than Norway
Seljuk Iqta System,1037,1194,Persia,32.4,53.2,Medieval,Real,4,Military land grants conditional on cavalry service,"Ottoman timar, European feudalism",Conditional Feudalism,Sunni Islam,Mongols,Male ghazis,Wheat/silk,Iqta contracts,Qanat repair,Sharia courts,Persian mills,Cavalry loyalty,Appointment,Nizam al-Mulk,Parallels: Japanese shōen. Contrasts: More centralized than fiefs
Almoravid Lamtuna Councils,1040,1147,Morocco,31.8,-7.1,Medieval,Real,3,Saharan Berber warrior-scholars ruling via desert codes,"Tuareg federations, Spartan agōgē",Theocratic Stratocracy,Maliki Islam,Almohad revolt,Male imams,Trans-Saharan trade,Fatwa rulings,Oasis management,Qadi courts,Adobe forts,Religious zeal,Consensus,Ibn Khaldun,Parallels: Taliban shura. Contrasts: More trade-focused
Cahokia Birdman Dynasty,1050,1350,USA,38.7,-90.1,Medieval,Real,4,Mississippian city ruled via celestial mound rituals,"Angkor Wat, Teotihuacan",Astro-Theocracy,Mississippian religion,Drought,Male priest-kings,Maize/copper,Woodhenge calendars,Floodplain farming,Ritual strangulation,Chunkey stones,Solar alignment,Hereditary,Archaeology,Parallels: Egyptian pharaohs. Contrasts: Less nautical than Taino
Norman Feudal Domesday,1086,1154,England,51.5,-0.1,Medieval,Real,5,Centralized land census enforcing knight-service quotas,"Qin legalism, Inca quipu",Bureaucratic Feudalism,Catholicism,Anarchy,Male barons,Wool tax,Domesday Book,Forest laws,Curia regis,Bayesian surveys,Land records,Appointment,William I,Parallels: Ottoman tahrir. Contrasts: Less flexible than common law
Cuman Tribal Federations,1100,1241,Ukraine,48,33,Medieval,Real,3,Nomadic confederation with stone statue legislatures,"Iroquois league, Turkic kurultai",Equestrian Democracy,Tengrism,Mongol conquest,Gender-mixed,Horse breeding,Balbals (statues),Pasture rotation,Ordeal by horse,Composite bows,Kin networks,Consensus,Rubruck,Parallels: Comanche bands. Contrasts: Less hierarchical than Rus
Great Zimbabwe Rain Priests,1100,1450,Zimbabwe,-20.3,30.9,Medieval,Real,4,Stone-city astronomers controlling monsoon rituals,"Angkor, Maya city-states",Architectural Theocracy,Mwari cult,Drought,Male priests,Gold/cattle,Star maps,Terrace farming,Divination bowls,Stone masonry,Celestial alignment,Hereditary,Archaeology,Parallels: Egyptian heliopriests. Contrasts: Less nautical than Swahili
Frisian Sea-Law Tribunals,1100,1600,Netherlands,53.2,5.8,Medieval,Real,4,Maritime judges applying tidal flat customary law,"Icelandic lögsögumaðr, Phoenician admiralty",Hydraulic Jurisprudence,Christianity,Habsburg centralization,Gender-neutral,Fishing/Dikes,Wadden assemblies,Sea dike maintenance,Tide jury courts,Sluice gates,Water knowledge,Election,Frisian codes,Parallels: Venetian water courts. Contrasts: Less urban than Hanseatic
Kanem-Bornu Sufi Knights,1100,1846,Chad,13.1,14.7,Medieval,Real,4,Camel cavalry enforcing Quranic law in Sahel,"Teutonic Knights, Moorish Spain",Islamic Stratocracy,Sufi Islam,Fulani jihad,Male scholars,Salt/slaves,Ajami scripts,Oasis management,Poetic debates,Stirrups,Religious zeal,Appointment,Ibn Battuta,Parallels: Sikh misldars. Contrasts: Less urban than Timbuktu
Mossi Naam Militias,1100,1896,Burkina Faso,12.4,-1.5,Medieval,Real,3,Age-grade warrior societies electing sacred kings,"Zulu impi, Spartan agōgē",Gerontocratic Militarism,African traditional,French conquest,Male cohorts,Millet/cattle,Initiation scars,Burned-field rotation,Spear trials,Iron smelting,Age hierarchy,Rotation,French reports,Parallels: Masai moran. Contrasts: Less centralized than Dahomey
Maldivian Furya Coral Councils,1100,1968,Maldives,3.2,73.2,Medieval,Real,3,Coral-stone mosques as maritime law centers,"Swahili city-states, Venetian lagoon",Islamic Atoll Democracy,Sunni Islam,British protectorate,Gender-mixed,Sea cucumber trade,Coral engravings,Turtle nesting bans,Qadi courts,Dhonis,Monsoon knowledge,Consensus,Ibn Battuta,Parallels: Polynesian navigation schools. Contrasts: Less urban than Hormuz
Pueblo Kiva Councils,1100,Present,USA,35,-106,Medieval,Real,4,Underground chamber debates for agricultural planning,"Iroquois longhouses, Aboriginal tjurunga",Theocratic Democracy,Pueblo religion,Drought,Gender-segregated,Maize/beans,Oral traditions,Dry farming,Mediation circles,Adobe architecture,Rain priesthood,Consensus,Ethnography,Parallels: Swiss alpine communes. Contrasts: Less hierarchical than Aztec
Romani Kris Councils,1100,Present,Europe,45,15,Medieval-Modern,Real,4,Traveling courts enforcing oral law through consensus,"Jewish bet din, Iroquois councils",Nomadic Jurisprudence,Romani Hinduism,Persecution,Gender-separate,Crafts/trade,Oral precedents,Mobile camps,Shaming rituals,Musical instruments,Social honor,Appointment,Ethnography,Parallels: Somali xeer. Contrasts: Less formal than state courts
Venetian Arsenal Guilds,1104,1797,Italy,45.4,12.3,Medieval,Real,5,State-run shipyard with worker-patriot collectives,"Soviet factories, Hanseatic yards",Industrial Corporatism,Catholicism,Napoleon,Male artisans,Naval production,Guild votes,Lagoon dredging,Arsenal tribunals,Gondolas,Technical merit,Promotion,Doge's decrees,Parallels: NASA contractor system. Contrasts: Less free than Dutch guilds
Khmer Water Mandala,1113,1177,Cambodia,13.4,103.8,Medieval,Real,5,Hydraulic city-temple network under god-kings,"Inca ceque system, Chinese feng shui",Hydro-Theocracy,Hindu-Buddhism,Cham invasion,Male engineers,Rice farming,Sanskrit hydrology,Baray reservoirs,Temple trials,Angkor Wat,Water control,Hereditary,Zhou Daguan,Parallels: Roman aqueducts. Contrasts: More ritualized than Dutch dikes
Novgorod Veche Republic,1136,1478,Russia,58.5,31.3,Medieval,Real,4,Bell-summoned merchant assemblies with birchbark voting,"Icelandic Althing, Athenian ecclesia",Urban Democracy,Orthodox Christianity,Muscovite conquest,Male landowners,Fur/beeswax,Birchbark letters,Forest management,Bell-ringing trials,Onion domes,Trade wealth,Election,Chronicles,Parallels: Hanseatic cities. Contrasts: Less naval than Venice
Haudenosaunee (Iroquois) Great Law of Peace,1142,Present,North America,43.1,-77.6,Medieval,Real,5,Matrilineal confederacy requiring unanimous decisions,"EU consensus model, Swiss cantons",Participatory Confederation,Longhouse Religion,Colonial pressures,Female clan heads,Maize/beans,Wampum diplomacy,Three Sisters farming,Talking circles,Birchbark canoes,Clan authority,Consensus,Deganawidah Epic,Parallels: Nordic consensus. Contrasts: More gender-balanced than Athens
Cathar Perfecti Councils,1150,1325,France,43.6,1.4,Medieval,Real,2,Dualist heretic communes with gender-equal clergy,"Bogomils, Gnostic sects",Egalitarian Theocracy,Catharism,Crusader extermination,Gender-balanced,Viticulture,Secret gospels,Terrace farming,Consolamentum rites,Herbal medicine,Asceticism,Initiation,Inquisition records,Parallels: Buddhist sangha. Contrasts: More persecuted than Waldensians
Hanseatic Kontor,1200,1500,England/Germany,51.5,0.1,Medieval,Real,4,German merchant enclaves with extraterritorial privileges,"Venetian fondaco, Phoenician colonies",Commercial Autonomy,Catholicism,Nation-states,Male merchants,Wool/beer,Hanseatic seals,Warehouse laws,Merchant courts,Cog ships,Trade monopolies,Election,Adam of Bremen,Parallels: Hong Kong SAR. Contrasts: Less integrated than guilds
Bavarian Beer Hall Communes,1200,1800,Germany,48.1,11.6,Medieval,Real,3,Municipal breweries as de facto civic governments,"Hanseatic guilds, Swiss cantons",Brewery Corporatism,Catholicism,Napoleonic reforms,Male burghers,Barley trade,Brewmaster councils,Water purity laws,Taverne courts,Lager tech,Guild monopolies,Appointment,City archives,Parallels: Venetian wine republic. Contrasts: Less formal than Dutch stadtholders
Javanese Kabuyutan Councils,1200,1800,Indonesia,-7.6,110.7,Medieval,Real,3,Hindu-Buddhist forest universities as policy hubs,"Tibetan monasteries, Nalanda",Scholastic Oligarchy,Hindu-Buddhism,Dutch colonialism,Male scholars,Rice farming,Palm-leaf manuscripts,Sacred forests,Poetry debates,Batik weaving,Esoteric knowledge,Co-optation,Nagarakretagama,Parallels: Medieval European universities. Contrasts: Less urban than Timbuktu
Kven Arctic Trader Networks,1200,1800,Norway/Finland,70,28,Medieval,Real,2,Sami-Norse hybrid traders governing winter routes,"Inuit, Hanseatic",Bilingual Meritocracy,Syncretic,State borders,Gender-mixed,Fur/fish,Rune stick tallies,Taiga corridors,Ski races,Sled technology,Cultural mediation,Apprenticeship,Oral history,Parallels: Métis buffalo hunts. Contrasts: Less organized than Denmark
Rapa Iti Tūtae Councils,1200,1860,French Polynesia,-27.6,-144.3,Medieval,Real,2,Bird-guano fertilizer collectives governing tiny islands,"Easter Island, Pitcairn",Guano Egalitarianism,Polynesian religion,French conquest,Gender-balanced,Fishing,Bird-nest tallies,Terrace composting,Dance-offs,Stone taro pits,Fertilizer control,Rotation,Ethnography,Parallels: Inca seabird manure systems. Contrasts: Less complex than Hawaiʻi
Rapa Nui Tangata Manu Trials,1200,1862,Chile,-27.1,-109.4,Medieval,Real,3,Annual birdman competitions for clan leadership,"Mayan ballgame, Olympic Games",Ritual Meritocracy,Birdman cult,Slave raids,Male competitors,Sweet potatoes,Rongorongo tablets,Terrace farming,Ordeal trials,Moaï transport,Physical prowess,Competition,Ethnography,Parallels: Spartan agōgē. Contrasts: Less bureaucratic than Hawaiʻi
Rapa Nui Birdman Cult,1200,1862,Easter Island,-27.1,-109.4,Medieval,Real,3,Annual competition for clan leadership via egg hunting,"Mayan ballgame, Olympic Games",Ritual Meritocracy,Makemake religion,Slave raids,Male competitors,Sweet potatoes,Rongorongo tablets,Terrace farming,Ordeal trials,Moaï transport,Physical prowess,Competition,Ethnography,Parallels: Spartan agōgē. Contrasts: Less bureaucratic than Hawaiʻi
Benin Oba Eweka Dynasty,1200,1897,Nigeria,6.3,5.6,Medieval,Real,4,West African sacred kingship with guild bureaucracy,"Khmer devaraja, Ashanti confederacy",Palace Bureaucracy,Edo religion,British invasion,Male obas,Bronze casting,Uzama council votes,Sacred groves,Ordeal trials,Ivory carving,Guild monopolies,Hereditary,Bronze plaques,Parallels: Japanese shōguns. Contrasts: Less merchant-driven than Venice
Benin Oba Divine Kingship,1200,1897,Nigeria,6.3,5.6,Medieval,Real,5,Sacred monarchy with guild-based bronze bureaucracy,"Khmer devaraja, Egyptian pharaohs",Theocratic Bureaucracy,Benin religion,British invasion,Male obas,Ivory/Bronze,Uzama council,Sacred groves,Oracle trials,Lost-wax casting,Ritual authority,Hereditary,Bronze plaques,Parallels: Kongo kingdom. Contrasts: More artistic than Zulu
Evenk Tungus Clan Federations,1200,1920,Russia,55,125,Medieval,Real,3,Mobile taiga hunters with birchbark treaty systems,"Mongol tribes, Native Algonquins",Forest Band Democracy,Shamanism,Chinese expansion,Gender-balanced,Fur trade,Bark pictographs,Controlled burns,Archery contests,Skis,Trapping skill,Consensus,Russian archives,Parallels: Iroquois league. Contrasts: Less sedentary than Manchu
Alpine Pastoral Communes,1200,Present,Switzerland/Austria,46.5,8.6,Medieval,Real,4,High-altitude shared grazing systems with rotational management,"Andean ayllus, Norse félags",Common-Pool Resource Governance,Christian/Animism,None (ongoing),Gender-mixed,Dairy farming,Alp voting rounds,Seasonal meadows,Mediation elders,Cheesemaking,Use-rights,Rotation,Charters,Parallels: Japanese iriai. Contrasts: Less formal than Swiss cantons
Maluku Sasi Harvest Bans,1200,Present,Indonesia,-3.7,128.2,Medieval,Real,4,Sacred seasonal prohibitions (sasi) on nutmeg/cloves; Village-enforced harvest bans,"Hawaiian kapu, Swiss alpine rules; Japanese iriai",Ritual Resource Communism,Animism,Dutch colonialism,Gender-balanced,Spice trade,Bamboo calendars,Forest taboos,Mediation sticks,Outrigger canoes,Ancestral laws,Consensus,Ethnography,Parallels: Japanese iriai. Contrasts: Less monetized than VOC
Inuit Qaggiq Ice-Block Parliaments,1200,Present,Arctic,70,-100,Medieval,Real,4,Seasonal ice-block meetings for conflict resolution; Snow-house assemblies for inter-band disputes,"San Xaro, Iroquois talking circles; Iroquois longhouse, Swiss landsgemeinde",Cryo-Democracy,Animism,None (ongoing),Egalitarian,Seal hunting,Drum dances,Sea ice tracking,Song duels,Kayaks,Survival skills,Consensus,Ethnography,Parallels: Alpine pastoral communes. Contrasts: Less sedentary than Pueblo
Cornish Stannary,1201,1838,England,50.2,-5.1,Medieval,Real,3,Tin-mining districts with autonomous parliaments,"Swiss cantons, Iroquois league",Mineral Rights Autonomy,Celtic Christianity,Industrialization,Male tinners,Stannary charters,Stream management,Jury courts,Water wheels,Tin monopoly,Elective,Stannary records,Parallels: Basque foral rights. Contrasts: Less powerful than Welsh,
Mongolian Kurultai,1206,1368,Mongolia,47.9,106.9,Medieval,Real,4,Nomadic imperial council electing khans via consensus,"Hunnic assemblies, Göktürk Orkhon Script Khans",Steppe Elective Monarchy,Tengrism,Disintegration,Male warriors,Herding,Tribal debates,Seasonal camps,Ordeal trials,Composite bows,Military loyalty,Acclamation,Secret History,Parallels: Holy Roman elections. Contrasts: More fluid than papacy
Delhi Sultanate Slave Kings,1206,1526,India,28.6,77.2,Medieval,Real,4,Ex-military slaves ruling via Persian bureaucracy,"Mamluk Egypt, Ottoman devshirme",Slave Dynasty,Sunni Islam,Mughals,Male sultans,Spice trade,Firman decrees,Stepwells,Qazi courts,Arch bridges,Military slavery,Appointment,Amir Khusrau,Parallels: Roman freedmen. Contrasts: More Islamic than Vijayanagara
Magna Carta Baronage,1215,1297,England,51.8,-0.1,Medieval,Real,5,Feudal contract limiting royal power via council,"Polish Golden Liberty, US Constitution",Feudal Constitutionalism,Catholicism,Centralization,Male barons,Wool trade,Charter clauses,Forest laws,Common law courts,Longbows,Land ownership,Inheritance,Matthew Paris,Parallels: Icelandic Althing. Contrasts: Less democratic than Athens
Transylvanian Saxon Seats,1224,1876,Romania,45.8,24.9,Medieval,Real,4,German immigrant towns with ethnic autonomy charters,"Teutonic Order, Hanseatic cities",Ethnic Corporatism,Lutheranism,Hungarian revolution,Male burghers,Craft guilds,Stuhlvogt elections,Forest laws,Saxon courts,Gothic architecture,Privileged status,Appointment,Andreanum,Parallels: Danzig Free City. Contrasts: Less maritime than Riga
Teutonic Ordensstaat,1226,1525,Poland,54,19,Medieval,Real,5,Crusader-monk state ruling via brick castle networks,"Knights Hospitaller, Tibetan lama-state",Military Theocracy,Catholicism,Polish secularization,Male knights,Amber trade,Brick fortresses,Drained wetlands,Trial by combat,Teutonic castles,Divine mandate,Election,Chronicles,Parallels: Crusader Jerusalem. Contrasts: Less urban than Hansa
Mali Mansa Rule,1235,1670,Mali,12.6,-8,Medieval,Real,4,Gold-rich empire with griot historians and royal pilgrims,"Ghana Empire, Solomon's Temple",Sacred Monarchy,Islam,Civil war,Male rulers,Gold/salt,Griot archives,Niger irrigation,Quranic judges,Mud-brick mosques,Pilgrimage prestige,Hereditary,Ibn Battuta,Parallels: Byzantine caesaropapism. Contrasts: Less bureaucratic than China
Golden Horde Yam System,1240,1502,Russia/Kazakhstan,50,60,Medieval,Real,5,Mounted postal network as de facto administration,"Inca chasquis, Persian angaria",Equestrian Bureaucracy,Islam/Tengrism,Disintegration,Male riders,Fur/tribute,Passeport plaques,Steppe conservation,Horse relays,Stirrups,Logistics control,Appointment,Rashid al-Din,Parallels: Roman cursus. Contrasts: Less sedentary than Ming
Lithuanian Pagan Kings,1250,1387,Lithuania/Ukraine,55,24,Medieval,Real,3,Forest-based monarchy resisting Christianization,"Aztec priesthood, Norse pagans",Sacred Kingship,Baltic polytheism,Polish union,Male rulers,Amber/bees,Sacred oak groves,Forest burning,Ritual combat,Wooden castles,Divine mandate,Hereditary,Teutonic chronicles,Parallels: Japanese Shinto rulers. Contrasts: Less bureaucratic than Teutonic
Rhenish City Leagues,1250,1500,Germany,50.1,8.7,Medieval,Real,4,Commercial federations with shared legal codes,"Hanseatic League, Iroquois Confederacy",Urban Confederacy,Catholicism,Habsburg centralization,Male merchants,Wine trade,Ratification diets,River patrols,Commercial courts,Gothic architecture,Trade routes,Treaties,City charters,Parallels: ASEAN trade pacts. Contrasts: Less unified than Switzerland
Genoese Black Sea Colonies,1266,1475,Ukraine/Crimea,45,35,Medieval,Real,4,Italian merchant oligarchies ruling Crimean ports,"Venetian Republic, Phoenician colonies",Plutocratic Colonialism,Catholicism,Ottoman conquest,Male patricians,Grain/slaves,Notarial contracts,Salt pan management,Arbitration panels,Galley ships,Trade monopolies,Appointment,Genoese archives,Parallels: Dutch VOC. Contrasts: Less autonomous than Hanseatic
Yuan Semu Caste System,1271,1368,China,39.9,116.4,Medieval,Real,4,Mongol-imposed ethnic hierarchy (Mongols > Semu > Han),"Spanish casta, Indian varna",Ethnocratic Feudalism,Lamaism,Red Turban revolt,Male-dominated,Silk Road,Tax codes,Postal stations,Khan's justice,Gunpowder,Conquest legacy,Hereditary,Yuan Shi,Parallels: Ottoman millet. Contrasts: Less assimilative than Manchu
Andorran Co-Principality,1278,Present,Andorra,42.5,1.5,Medieval,Real,5,Unique diarchy with French president + Spanish bishop as co-rulers,"Spartan dual kingship, Holy Roman Empire",Parliamentary Diarchy,Catholicism,None (ongoing),Gender-neutral,Tourism/Banking,General Council votes,Hydroelectric dams,Tribunal courts,Ski resorts,Feudal relics,Election,Paréage,Parallels: San Marino captains regent. Contrasts: Less ecclesiastical than Vatican
Swiss Cantonal Militias,1291,1848,Switzerland,46.8,8.2,Early Modern,Real,5,Direct democracy with rotating peasant-soldier leadership,"Athenian democracy, Iroquois league",Participatory Republic,Protestantism,French invasion,Male citizens,Cheese/clockmaking,Landsgemeinde votes,Alpine grazing,Popular courts,Watchmaking,Civic militia,Rotation,William Tell,Parallels: Texas militia. Contrasts: More structured than pirate codes
Majapahit Terracotta Bureaucracy,1293,1527,Indonesia,-7.5,112.5,Medieval,Real,4,Thousands of terracotta officials administering Java,"Chinese keju, Qin legalism",Ceramic Meritocracy,Hindu-Buddhist,Islamic sultanates,Male administrators,Rice/indigo,Clay seal stamps,Volcanic soil management,Ordeal by fire,Terracotta tablets,Administrative exams,Appointment,Nagarakretagama,Parallels: Ottoman devshirme. Contrasts: Less centralized than Ming
Venetian Merchant Oligarchy,1297,1797,Italy,45.4,12.3,Medieval,Real,5,Wealth-qualified patricians ruling via elaborate lotteries,"Dutch Republic, Carthage",Plutocratic Republic,Catholicism,Napoleon,Male elites,Spice trade,Ballottino system,Lagoon engineering,Council of Ten,Glassmaking,Trade monopolies,Sortition,Machiavelli,Parallels: Singapore's PAP. Contrasts: Less inclusive than Athens
Māori Umu Tī Earth Oven Parleys,1300,1840,New Zealand,-40.9,175,Medieval,Real,3,Feast-based negotiations over sweet potato (kūmara) plots,"Potlatch, African palaver",Culinary Democracy,Polynesian religion,British colonization,Male speakers,Kūmara farming,Cooking pit layouts,Terraced gardens,Food-sharing rituals,Stone adzes,Prestige feasting,Oratory skill,Oral history,Parallels: Greek symposia. Contrasts: Less warlike than Tongan empire
Māori Iwi River Federations,1300,1840,New Zealand,-40.9,175,Medieval,Real,4,Tattooed warlords managing fortified pā villages,"Iroquois longhouses, Zulu kraals",Riverine Stratocracy,Polynesian religion,Colonialism,Male warriors,Kūmara farming,Carved meeting houses,Eel weirs,Ritual combat,Greenstone tools,Mana (prestige),Hereditary,James Cook,Parallels: Mississippian mound chiefs. Contrasts: Less centralized than Tonga
Buganda Clan-Based Monarchy,1300,1894,Uganda,0.3,32.6,Medieval,Real,4,52 patrilineal clans (ssiga) each managing royal functions,"Holy Roman Empire, Japanese shōen",Segmentary Monarchy,Ancestor worship,British protectorate,Male clan heads,Banana/iron,Luganda proverbs,Wetland farming,Clan mediation,Barkcloth,Lineage prestige,Hereditary,Speke records,Parallels: Inca panaca. Contrasts: Less bureaucratic than China
Timbuktu Qadi Scholar-Judges,1327,1591,Mali,16.8,-3,Medieval,Real,4,Islamic jurists ruling via Sankore University fatwas,"Medieval Paris, Baghdad House of Wisdom",Scholastic Theocracy,Sunni Islam,Moroccan invasion,Male scholars,Book trade,Arabic manuscripts,Saharan water laws,Mosque debates,Astrolabes,Religious knowledge,Appointment,Tarikh al-Sudan,Parallels: Tibetan monastic rule. Contrasts: Less mystical than Sufi orders
Wolof Garmi Anti-Corruption,1350,1890,Senegal,14.7,-17.4,Medieval,Real,3,Royal slaves (jaami-buur) auditing noble administrations,"Ottoman devshirme, Chinese censors",Anti-Feudal Autocracy,Islam,French colonialism,Meritocratic,Gold/salt,Arabic ledgers,Sahel farming,Public audits,Arabic script,Administrative skill,Appointment,Arabic texts,Parallels: Persian satraps. Contrasts: Less hereditary than Japan
Wolof Ceddo Slave Armies,1350,1890,Senegal,14.7,-17.4,Medieval,Real,4,Non-Muslim warrior caste balancing Muslim clerics,"Spartan helots, Ottoman kapıkulu",Military Caste System,African traditional,French conquest,Male soldiers,Peanuts/millet,Grionic epics,Savanna burning,Poetic jousts,Cotton weaving,Military service,Hereditary,Arabic chronicles,Parallels: Japanese samurai. Contrasts: Less bureaucratic than Mali
Ayutthaya Elephant Bureaucracy,1351,1767,Thailand,14.4,100.5,Early Modern,Real,4,White elephant administrators ranking officials,"Khmer, Mughal mansabdars",Zoocratic Meritocracy,Theravada Buddhism,Burmese sack,Male nobles,Rice/tin,Elephant registers,Canal networks,Animal trials,Siamese ceramics,Royal pachyderms,Appointment,Van Vliet journals,Parallels: Persian satrapies. Contrasts: Less democratic than Sukhothai
Lan Xang Million Elephant Kings,1353,1707,Laos,17.9,102.6,Medieval,Real,3,Buddhist kings mobilizing war-elephant militias,"Khmer, Burmese Toungoo",Pachyderm Feudalism,Theravada Buddhism,Siamese invasion,Male warriors,Teak/opium,White elephant edicts,Forest conservation,Royal duels,Wat murals,Animal prestige,Hereditary,Lao chronicles,Parallels: Carthaginian war elephants. Contrasts: Less naval than Champa
Hanseatic League,1356,1669,Northern Europe,54.3,10.1,Medieval,Real,5,Merchant guild federation with extraterritorial trading posts,"Venetian Republic, Phoenician colonies",Commercial Confederation,Catholicism,Nation-states,Male merchants,Timber/amber,Hanseatic diets,Port maintenance,Kontor courts,Cog ships,Trade monopolies,Election,Adam of Bremen,Parallels: ASEAN economic bloc. Contrasts: Less centralized than Dutch VOC
Rhenish Hanseatic Cities,1356,1669,Germany,51.2,6.8,Medieval,Real,5,Merchant oligarchies with shared trade laws,"Venetian Republic, Swahili city-states",Urban Commercial League,Catholicism,Thirty Years' War,Male merchants,Textiles,Hanseatic diets,Warehouse laws,Merchant courts,Cog ships,Commercial treaties,Election,Hanseatic records,Parallels: ASEAN economic bloc. Contrasts: Less democratic than Lübeck
Ragusan Aristocratic Republic,1358,1808,Croatia,42.6,18.1,Early Modern,Real,4,Adriatic city-state ruled by patrician senate with slave galleys,"Venetian Republic, Genoa",Maritime Oligarchy,Catholicism,Napoleon,Male nobles,Salt trade,Small Council votes,Quarantine laws,Rector's court,Ston walls,Patrician lineages,Sortition,Archives,Parallels: Dubrovnik Statute. Contrasts: Less democratic than Athens
Ming Yellow Register Census,1368,1644,China,32.1,118.8,Early Modern,Real,5,Population registers enforcing corvée labor quotas,"Inca quipu, Ottoman defters",Statistical Autocracy,Neo-Confucianism,Li Zicheng revolt,Male heads,Rice/tax,Paper ledgers,Tree planting,Mutual surveillance,Great Wall,Administrative control,Hereditary,Ming Veritable Records,Parallels: Qin legalism. Contrasts: Less flexible than Song
Kongo Mbanza Council,1390,1568,Angola,-8.8,13.2,Early Modern,Real,4,Spiral-planned capital with elected noble advisors,"Benin City, Roman Curia",Sacred Urbanism,Syncretic Christianity,Portuguese interference,Male electors (female spies),Copper/ivory,Nsibidi glyphs,Agroforestry,Oracle trials,Iron smelting,Ritual authority,Rotation,Portuguese logs,Parallels: Vatican diplomacy. Contrasts: Less centralized than Ethiopia
Bamum Script Bureaucracy,1390,1918,Cameroon,5.7,10.9,Early Modern,Real,4,Syllabic-writing administrators under king-scholars,"Korean hangul, Cherokee syllabary",Literate Autocracy,Bamum religion,German colonization,Male scribes,Palm oil,Shümom script,Fish ponds,Calligraphy contests,Brass thrones,Script knowledge,Appointment,Njoya's archives,Parallels: Egyptian scribes. Contrasts: Less democratic than Athens
Joseon Confucian Bureaucracy,1392,1910,Korea,37.5,127,Early Modern,Real,5,Meritocratic civil service under royal secretariats,"Chinese keju, British civil service",Neo-Confucian State,Confucianism,Japanese annexation,Male yangban,Rice/silk,Exam halls,Seed banks,Hyangyak courts,Hangul script,Scholarly prestige,Exams,Sejong the Great,Parallels: French grandes écoles. Contrasts: More rigid than Tokugawa
Malacca Straits Mandala,1400,1511,Malaysia,2.2,102.3,Medieval,Real,4,Hindu-Muslim port kingdom with rotating tribute alliances,"Majapahit, Swahili city-states",Maritime Tributary,Syncretic Islam,Portuguese invasion,Male merchants,Spice trade,Malay legal codes,Mangrove conservation,Qadi courts,Junk ships,Naval dominance,Dynastic,Sejarah Melayu,Parallels: Phoenician trade hubs. Contrasts: Less centralized than Srivijaya
Scottish Tacksmen,1400,1745,Scotland,57,-5,Early Modern,Real,3,Clan-based leaseholders managing Highland estates,"Iroquois land chiefs, Russian pomestye",Gaelic Semi-Feudalism,Presbyterianism,Clearances,Male tacksmen,Cattle/kelp,Rental ledgers,Runrig farming,Bardic mediation,Bagpipes,Kin obligations,Hereditary,Rob Roy,Parallels: Japanese jizamurai. Contrasts: Less commercial than English
Circassian Xabze Councils,1400,1864,Russia/Georgia,44,40,Early Modern,Real,3,Oral law councils enforcing mountain customary law,"Iroquois league, Swiss cantons",Egalitarian Jurisprudence,Syncretic Islam,Russian conquest,Gender-balanced,Horses/wine,Proverb courts,Alpine pastures,Blood feuds,Chainmail,Honor code,Consensus,Russian ethnography,Parallels: Pashtun jirga. Contrasts: Less centralized than Persia
Akan Amanhene Gold States,1400,1900,Ghana,6.7,-1.6,Early Modern,Real,4,Gold-trading kingdoms with sacred stool rituals,"Ashanti, Mali Empire",Sacred Commerce Monarchy,Ancestor worship,British colonization,Male kings (female advisors),Gold/cocoa,Adinkra symbols,Sacred groves,Ordeal trials,Kente cloth,Spiritual authority,Elective,Portuguese records,Parallels: Byzantine trade monopolies. Contrasts: Less bureaucratic than China
Jukun Aku Oracle Kings,1400,1900,Nigeria,8.9,9.8,Early Modern,Real,3,Divine kings controlling Benue River floods,"Shang dynasty, Olmec",Hydraulic Theocracy,Jukun religion,British conquest,Male priests,Yam/fishing,Rainmaking staffs,Floodplain farming,Divination rites,Brass casting,Ritual authority,Hereditary,Ethnography,Parallels: Nile nomarchs. Contrasts: Less maritime than Phoenicia
Kiribati Maneaba Councils,1400,Present,Kiribati,1.4,173,Early Modern,Real,3,Communal meeting houses with coral slab seating,"Iroquois longhouses, Greek stoas",Coral Communalism,Animism,None (ongoing),Gender-neutral,Fishing/coconut,Shell money,Tide cycle management,Dance mediation,Thatch roofing,Consensus building,Rotation,Oral history,Parallels: Maldivian furya. Contrasts: Less formal than Fijian
Vlax Rom Baro Systems,1400,Present,Romania,46,25,Early Modern,Real,3,"Patriarchal clan alliances with elected ""big men""","Bedouin sheikhs, Corsican clans",Tribal Gerontocracy,Orthodox Christianity,None (ongoing),Male-dominated,Metalwork/fortune-telling,Family councils,None,Kris trials,Coppersmithing,Kin networks,Hereditary,Ethnography,Parallels: Pashtun tribal system. Contrasts: Less centralized than states
Aztec Triple Alliance,1428,1521,Mesoamerica,19.4,-99.1,Medieval,Real,5,Military confederacy with flower wars and sacrifice,"Spartan league, Iroquois confederacy",Tributary Stratocracy,Aztec religion,Cortés,Male warriors,Maize/chocolate,Poetry contests,Chinampas,Tlaxcalan courts,Obsidian weapons,Military prowess,Elective,Bernardino de Sahagún,Parallels: Roman Latin League. Contrasts: More theocratic than Maya
Ryukyu Gusuku Trade Kingdom,1429,1879,Japan,26.2,127.7,Early Modern,Real,4,Tribute state balancing China/Japan/S.E. Asia,"Venetian Republic, Malacca",Diplomatic Autonomy,Ryukyuan religion,Japanese annexation,Male nobles,Sulfur/tribute,Peabody books,Coral reef protection,Poetry contests,Lacquerware,Trade neutrality,Hereditary,Ming records,Parallels: Korean Joseon diplomacy. Contrasts: Less warlike than Satsuma
Ryukyu Maritime Tributary,1429,1879,Japan,26,127,Early Modern,Real,4,"Island kingdom balancing China, Japan, Siam","Venetian republic, Malacca",Diplomatic Autonomy,Ryukyuan animism,Japanese annexation,Male nobles,Sulfur/tribute,Pleiades star charts,Coral reef taboos,Poetry contests,Lacquerware,Neutrality diplomacy,Hereditary,Ming records,Parallels: Hawaiian kapu system. Contrasts: Less warlike than Joseon
Inca Tawantinsuyu,1438,1533,Andes,-13.5,-71.9,Medieval,Real,5,Socialist empire with state warehouses and labor taxes,"Soviet kolkhozes, Egyptian corvée",Labor Autocracy,Inca religion,Spanish conquest,Dual-gender,Potato/maize,Quipu accounting,Terrace farming,Mit'a service,Stone masonry,State redistribution,Hereditary,Garcilaso de la Vega,Parallels: Chinese command economy. Contrasts: No currency
Ottoman Millet System,1453,1922,Turkey,41,28.9,Early Modern,Real,5,Religious autonomies under centralized Muslim rule,"Habsburg pluralism, Mughal sulh-i-kul",Confessional Autonomy,Sunni Islam,Nationalism,Male sultans,Silk/tax farming,Firman decrees,Water fountains,Sharia courts,Iznik tiles,Gunpowder weapons,Dynastic,Evliya Çelebi,Parallels: EU subsidiarity. Contrasts: Less egalitarian than Switzerland
Pampas Querandí Nomadism,1500,1700,Argentina,-36,-60,Early Modern,Real,2,Mobile hunter bands with shared grazing rights,"Comanche, Mongol nutug",Pastoral Egalitarianism,Animism,European horses,Gender-balanced,Guanaco herds,Bola tallies,Grassland burning,Running contests,Bolas,Equine mobility,Consensus,Spanish records,Parallels: Sami reindeer herding. Contrasts: Less sedentary than Mapuche
Breton Parish Closes,1500,1800,France,48.2,-3.7,Early Modern,Real,3,Village theocracies managing enclos paroissiaux (walled churchyards),"Irish monastic settlements, Spanish cofradías",Sacred Communalism,Catholicism,French Revolution,Gender-mixed,Fishing/Linen,Churchwarden votes,Calvary sculptures,Pardon ceremonies,Granite carving,Religious taxes,Rotation,Local archives,Parallels: Amish districts. Contrasts: Less isolated than Skellig monks
Sami Reindeer Herding Units,1500,Present,Scandinavia,68.3,19.5,Early Modern,Real,4,Pastoral cooperatives managing Arctic grazing lands,"Mongolian nutug, Swiss alpine communes",Nomadic Commons,Sami animism,None (ongoing),Gender-balanced,Reindeer,Siida councils,Seasonal migration,Elder mediation,Snowmobiles,Customary law,Consensus,Oral tradition,Parallels: Masai grazing systems. Contrasts: Less formalized than Lapp villages
Shilluk Divine Kingship,1500,Present,South Sudan,10,32,Early Modern,Real,4,Sacred kings (reth) embodying river spirit Nyikang,"Egyptian pharaohs, Jukun aku",Fluid Theocracy,Nyikang cult,Colonialism,Male priests,Fishing/cattle,Spear ordeals,Nile flood recession,Ritual drowning,Fishing weirs,Spiritual embodiment,Elective,Ethnography,Parallels: Lozi flood kings. Contrasts: Less bureaucratic than Buganda
Sinti Musical Guilds,1500,Present,Germany,51,10,Early Modern,Real,3,Endogamous musician families with strict apprenticeship,"Medieval minstrels, Indian gharanas",Caste Corporatism,Protestantism,None (ongoing),Gender-stratified,Entertainment,Guild rules,None,Artistic duels,Violins,Artistic purity,Apprenticeship,Ethnography,Parallels: Japanese iemoto. Contrasts: Less bureaucratic than unions
Kalderash Gold-Smithing Dynasties,1500,Present,Balkans,44,21,Early Modern,Real,4,Metallurgy clans with transnational marriage alliances,"Hindu jatis, Venetian guilds",Transnational Guildism,Orthodox Christianity,None (ongoing),Gender-separate,Goldsmithing,Kinship contracts,None,Gold purity tests,Crucibles,Technical secrets,Matrilocal,Ethnography,Parallels: Sikh Ramgarhias. Contrasts: Less sedentary than Armenians
Sennar Funj Sultanate,1504,1821,Sudan,13.6,33.6,Early Modern,Real,3,Nile-based slave soldiers ruling via Islamicized Kushite rites,"Mamluk Egypt, Bornu",Military Syncretism,Islam-Meroitic,Mahdist revolt,Male cavalry,Sorghum/slaves,Arabic-Meroitic scrolls,Flood recession farming,Camel duels,Quilted armor,Martial Islam,Usurpation,James Bruce,Parallels: Ottoman janissaries. Contrasts: Less urban than Morocco
Mughal Mansabdari System,1526,1857,India,28.6,77.2,Early Modern,Real,4,Rank-based military bureaucracy with land revenue,"Ottoman timar, Qin commanderies",Ranked Feudalism,Islam,British Raj,Male mansabdars,Spice trade,Dashtera rolls,Stepwells,Qazi courts,Minarets,Cavalry ranks,Appointment,Abu'l-Fazl,Parallels: French Napoleonic ranks. Contrasts: Less meritocratic than Tang
Habsburg Composite Monarchy,1526,1918,Central Europe,48.2,16.4,Early Modern,Real,5,Dynastic union of disparate kingdoms under one crown,"British Empire, EU",Personal Union,Catholicism,Nationalism,Male emperors,Mining,Familienpakt decrees,Wine terraces,Reichsrat courts,Prague clocks,Dynastic marriage,Hereditary,Metternich,Parallels: Soviet republics. Contrasts: Less centralized than France
Cossack Sich Republic,1550,1775,Ukraine,48,35,Early Modern,Real,4,Self-governing warrior communes with elected hetmans,"Swiss cantons, Pirate articles",Military Democracy,Orthodox Christianity,Russian abolition,Male warriors,Grain/raiding,Rada assemblies,Steppe patrols,Whipping posts,Sabers,Cossack liberty,Election,Taras Shevchenko,Parallels: Viking thing. Contrasts: Less naval than Venice
Mapuche Parlamento Confederacy,1550,1883,Chile,-38.7,-72.6,Early Modern,Real,3,Inter-tribal assemblies with Spanish-Mapudungun treaties,"Iroquois confederacy, Swiss cantons",Diplomatic Federation,Mapuche religion,Chilean conquest,Gender-balanced,Horse/maize,Silver-tipped staff debates,Forest management,Combat trials,Silverwork,Military prestige,Consensus,Spanish chronicles,Parallels: Comanche peace chiefs. Contrasts: Less centralized than Inca
Polish-Lithuanian Elective Monarchy,1569,1795,Poland,52.2,21,Early Modern,Real,4,Nobility-elected kings with liberum veto,"Holy Roman Empire, Papal conclave",Szlachta Democracy,Catholicism,Partitions,Male nobles,Grain exports,Sejm debates,Forest management,Land courts,Winged hussars,Noble consensus,Elective,Jan Matejko,Parallels: US electoral college. Contrasts: More anarchic than Britain
Powhatan Paramount Chiefdom,1570,1646,USA,37.5,-77,Early Modern,Real,4,Tributary network under werowance (paramount chief),"Hawaiian ali'i, West African kingdoms",Hierarchical Chiefdom,Algonquian animism,English conquest,Matrilineal,Corn/tobacco,Wampum belts,Fire-stick farming,Tribute ceremonies,Longhouses,Tribute wealth,Matrilineal,John Smith,Parallels: Zulu impi system. Contrasts: Less centralized than Inca
Dutch Republic States-General,1581,1795,Netherlands,52.1,5.1,Early Modern,Real,5,Merchant oligarchy with provincial veto powers,"Venetian Republic, Swiss cantons",Confederal Oligarchy,Calvinism,French invasion,Male regents,Tulips/slaves,Stadtholder debates,Dike maintenance,Admiralty courts,Windmills,Trade wealth,Appointment,Hugo Grotius,Parallels: EU Council. Contrasts: Less democratic than Athens
Luba Bambudye Memory State,1585,1889,DRC,-6.1,23.6,Early Modern,Real,3,Elders encoding laws in lukasa memory boards,"Inca quipu, Druidic ogham",Mnemocratic Oligarchy,Ancestor worship,Belgian colonialism,Male initiates,Copper/ivory,Beaded codex,Fish-trap engineering,Initiation trials,Bronze casting,Secret knowledge,Co-optation,Oral tradition,Parallels: Masonic lodges. Contrasts: Less urban than Timbuktu
Tahitian Arioi Society,1600,1800,French Polynesia,-17.7,-149.4,Early Modern,Real,3,Elite artist-priests enforcing taboo systems,"Druidic bards, Japanese tengu",Ritual Performance Oligarchy,Polynesian religion,Christianity,Gender-fluid,Breadfruit,Chant competitions,Sacred groves,Dance-offs,Tapa cloth,Artistic skill,Initiation,Captain Bligh,Parallels: Greek Dionysian cults. Contrasts: Less warlike than Māori
Maroon Palenque Republics,1600,1850,Colombia,10,-75,Early Modern,Real,3,Escaped slave communities with elected warlords,"Spartan agōgē, Haitian revolution",Military Communalism,Syncretic religions,State repression,Gender-mixed,Cassava/arms,Palisade votes,Jungle farming,Combat trials,Blowguns,Defensive prowess,Election,Oral history,Parallels: Zapatista caracoles. Contrasts: Less formal than US
Lunda Ruwej Matrilineacy,1600,1887,DRC,-8.3,20.7,Early Modern,Real,3,Female rulers (Ruwej) appointing male warlords,"Khasi clans, Mosuo",Gynocentric Federation,Ancestor worship,Belgian conquest,Female monarchs,Ivory/beeswax,Drum codes,Forest corridors,Dance arbitration,Crossbow tech,Matrilineal bloodline,Appointment,Ethnography,Parallels: Pictish succession. Contrasts: Less warlike than Dahomey
Dahomey Mino Amazon State,1600,1894,Benin,9.3,2.3,Early Modern,Real,5,All-female regiments (Mino) with king-veto power,"Spartan women, Byzantine empresses",Gynocratic Stratocracy,Vodun,French conquest,Female soldiers,Palm oil,Appliqué cloth records,Sacred forests,Combat trials,Fortified palaces,Military prowess,Appointment,French archives,Parallels: Teutonic Knights. Contrasts: Less nautical than Hormuz
Kuba Bushong Cloth Kings,1600,1900,DRC,-5,22,Early Modern,Real,4,Raffia textile currency regulated by royal artists,"Byzantine silk guilds, Inca quipu",Artistic Monarchy,Bushoong religion,Belgian conquest,Male kings (female weavers),Raffia cloth,Ivory accounting,Forest reserves,Mask performances,Geometric patterns,Creative prestige,Hereditary,Ethnography,Parallels: Benin bronze casters. Contrasts: Less nautical than Swahili
Imbangala Kilombo,1600,1900,Angola,-12,17,Early Modern,Real,3,Military youth camps transforming into states,"Spartan agōgē, Zulu impi",Age-Set Stratocracy,Syncretic animism,Portuguese conquest,Male cohorts,Slave raiding,Initiation scars,Maroon agriculture,Combat trials,Tattoo codes,Military prowess,Age grades,Cavazzi records,Parallels: Ottoman janissaries. Contrasts: Less sedentary than Kongo
Romanichal Wagon Republics,1600,1900,UK,53,-2,Early Modern,Real,2,Mobile wagon circles with horse-trading laws,"Berber caravans, Boer trekkers",Wagon Democracy,Methodism,Sedentarization,Gender-mixed,Smithing/horses,Unwritten codes,Roadside foraging,Tribunal fires,Wheelwright tech,Mobility,Consensus,Police records,Parallels: Oregon Trail groups. Contrasts: Less organized than Quakers
Koryak Reindeer-Oracle System,1600,1917,Russia,59.2,159.3,Early Modern,Real,2,Shamans interpreting reindeer behavior for decisions,"Siberian Yukaghir, Sami noaidi",Zoomantic Theocracy,Animism,Russian conquest,Gender-fluid,Reindeer blood,Shoulder blade divination,Tundra burning,Spirit battles,Drum rituals,Animal omens,Charismatic,Ethnography,Parallels: Shang oracle bones. Contrasts: Less urban than Buryat
Ket Yenisei Fish-Taboo Councils,1600,1920,Russia,63,88,Early Modern,Real,2,Siberian river clans enforcing piscatorial sacred laws,"Ainu, Northwest Coast tribes",Fluvial Taboo Communism,Animism,Sovietization,Gender-mixed,Sturgeon fishing,Notched stick records,Spawning bans,Shamanic trials,Birchbark nets,Spiritual ecology,Consensus,Ethnography,Parallels: Māori rahui. Contrasts: Less agricultural than Jomon
Lozi Litunga Flood Kings,1600,Present,Zambia,-15.2,23.1,Early Modern,Real,4,Divine kings managing Zambezi floods via seasonal migrations,"Egyptian pharaohs, Khmer hydraulics",Hydro-Monarchy,Nyambe worship,None,Male kings with female advisors,Fish/sorghum,Drum signals,Levee construction,River oracles,Reed canals,Flood control,Hereditary,Livingstone records,Parallels: Dutch water boards. Contrasts: Less urban than Mesopotamia
Tokugawa Bakufu,1603,1868,Japan,35.7,139.7,Early Modern,Real,5,Feudal military rule with sankin-kōtai hostage system,"Spartan diarchy, Chinese commanderies",Stratocratic Feudalism,Shinto/Confucianism,Meiji Restoration,Male shōguns,Rice taxation,Sankin-kōtai,Coppice forestry,Samurai courts,Kabuki theater,Daimyō hostages,Hereditary,Tokugawa records,Parallels: Ottoman devshirme. Contrasts: Less centralized than Qin
Tokugawa Sankin-Kotai,1603,1868,Japan,35,139,Early Modern,Real,5,Daimyo hostage system ensuring feudal loyalty,"Qin legalism, Ottoman devshirme",Stratocratic Feudalism,Neo-Confucianism,Meiji Restoration,Male shoguns,Rice taxation,Alternate attendance laws,Coppice forestry,Seppuku rituals,Kabuki theater,Gunpowder control,Hereditary,Tokugawa records,Parallels: Persian satrapies. Contrasts: Less mobile than Mongol
Bermudian Parliamentary Hybrid,1620,Present,Bermuda,32.3,-64.8,Modern,Real,4,Oldest British overseas legislature with unique electoral college,"UK Parliament, US electoral college",Colonial Democracy,Protestantism,None (ongoing),Gender-mixed,Tourism/reinsurance,Two-tier voting,Coral reef protection,Privy Council appeals,Reinsurance tech,Crown appointment,Elections,Bermudian archives,Parallels: Cayman Islands. Contrasts: Less autonomous than Australia
Kalmyk Khanate Nomadic Parliament,1630,1771,Russia,47,45,Early Modern,Real,3,Buddhist steppe state with mobile assembly tents,"Tibetan theocracy, Mongol kurultai",Lamaist Nomadism,Vajrayana Buddhism,Russian annexation,Male lamas,Horse herds,Tibetan scrolls,Desert wells,Meditation debates,Portable temples,Reincarnation lineage,Elective,Russian archives,Parallels: Bhutanese system. Contrasts: Less sedentary than Qing
Qing Lifan Yuan Tributaries,1636,1912,China,39.9,116.4,Early Modern,Real,4,Manchu agency managing Mongol/Tibetan/Uyghur vassals,"British Raj, Roman foederati",Imperial Indirect Rule,Lamaism,Nationalism,Male banners,Horse/tribute,Manchu documents,Grassland bans,Fealty ceremonies,Jehol palaces,Tribal loyalty,Appointment,Qing Archives,Parallels: Habsburg pluralism. Contrasts: Less naval than Ming
Tibetan Ganden Phodrang,1642,1959,Tibet,29.6,91,Early Modern,Real,4,Buddhist monastic state under Dalai Lama's rule,"Papal States, Khmer devaraja",Monastic Theocracy,Vajrayana Buddhism,Chinese annexation,Monastic elite,Yak herding,Monk assemblies,Snow lion conservation,Kashag courts,Thangka art,Reincarnation lineage,Appointment,5th Dalai Lama,Parallels: Mount Athos. Contrasts: Less centralized than Vatican
Qing Dynasty Banner System,1644,1912,China,39.9,116.4,Early Modern,Real,5,Ethnic-military caste hierarchy under Confucian bureaucracy,"Ottoman janissaries, Soviet nomenklatura",Ethnocratic Meritocracy,Confucianism,Republicanism,Male bannermen,Rice/silk,Imperial exams,Granaries,Censorate courts,Porcelain,Ethnic privilege,Hereditary,Veritable Records,Parallels: British class system. Contrasts: Less mobile than Tang
Leveller Agitators,1647,1649,England,51.5,-0.1,Early Modern,Real,4,Radical soldier-democrats drafting People's Agreements,"Athenian democracy, Paris Commune",Revolutionary Democracy,Protestantism,Cromwell suppression,Gender-mixed,War taxes,Pamphlet debates,Common land,Council votes,Printing presses,Popular sovereignty,Election,Lilburne pamphlets,Parallels: Zapatista councils. Contrasts: Less successful than American
Digger Communes,1649,1651,England,51.5,-0.1,Early Modern,Real,2,Agrarian socialists cultivating common land,"Kibbutzim, Zapatista caracoles",Pre-Marxist Communism,Christian radicalism,Landowner repression,Gender-equal,Subsistence farming,Manifesto writing,Collective planting,Nonviolence,Scythes,Land equity,Consensus,Gerrard Winstanley,Parallels: Taborite communities. Contrasts: Less organized than Quakers
Pirate Articles,1650,1730,Atlantic/Caribbean,25,-71,Early Modern,Real,3,Shipboard democracies with elected captains and loot shares,"Swiss cantons, Viking things",Nautical Democracy,Situational ethics,Naval suppression,Male crews,Plunder,Quartermaster votes,None,Marlinspike tribunals,Navigation tools,Combat skill,Election,Charles Johnson,Parallels: Modern co-ops. Contrasts: More violent than Quakers
Barbuda Communal Land System,1685,Present,Barbuda,17.6,-61.8,Early Modern,Real,3,Caribbean island with collective land ownership since slavery,"Israeli kibbutz, Andean ayllu",Communal Land Trust,Anglican,Climate threats,Gender-mixed,Lobster fishing,Town hall votes,Mangrove protection,Elder mediation,Solar desalination,Tradition,Consensus,Oral history,Parallels: Scottish crofting. Contrasts: Less formal than Singapore
British Parliamentary System,1689,Present,UK,51.5,-0.1,Modern,Real,5,Constitutional monarchy with party-based ministerial rule,"Swedish Riksdag, Japanese Diet",Representative Democracy,Protestantism,None (ongoing),Male-dominated,Industrial,Party whips,Enclosure acts,Common law,Steam engines,Class privilege,Elections,Walter Bagehot,Parallels: Canadian system. Contrasts: Less direct than Athens
Blackfoot Confederacy,1700,1880,USA/Canada,49,-113,Early Modern,Real,4,Intertribal buffalo-hunting alliance with warrior societies,"Iroquois league, Mongol kurultai",Plains Federation,Blackfoot spirituality,Reservation era,Gender-balanced,Bison herds,Pictographic calendars,Prairie burning,Mediation circles,Tipis,Military reciprocity,Consensus,Ethnography,Parallels: Comanche bands. Contrasts: Less hierarchical than Aztec
Haida Potlatch Governance,1700,1884,Canada,53.3,-132.1,Early Modern,Real,3,Ranked gift-giving system redistributing wealth,"Pacific Northwest potlatch, Bronze Age prestige economies",Prestige Hierarchy,Animism,Canadian ban,Male/female hosts,Cedar/copper,Gift feasts,Forest stewardship,Shaming rituals,Totem poles,Accumulated wealth,Competitive,Museum records,Parallels: Kwakiutl potlatch. Contrasts: Less monetary than Phoenician trade
Tlingit Potlatch Confederacy,1700,1884,Canada,58.3,-134.4,Early Modern,Real,3,Clan-based gift economies with totemic crests,"Haida, Kwakwakaʼwakw",Prestige Hierarchy,Animism,Canadian ban,Matrilineal,Salmon/cedar,Crest pole carving,Forest stewardship,Shaming rituals,Chilkat weaving,Wealth destruction,Inheritance,Oral history,Parallels: Bronze Age gift economies. Contrasts: Less monetary than Phoenicia
Merina Andriana Castes,1700,1896,Madagascar,-19,47,Early Modern,Real,4,Hierarchical clans under sacred rice kings,"Hindu varnas, Polynesian ali'i",Hydro-Aristocracy,Malagasy animism,French conquest,Gender-stratified,Rice/silk,Oracle rice,Irrigation systems,Trial by poison,Wooden palaces,Rice symbolism,Hereditary,Radama I,Parallels: Balinese subak. Contrasts: Less mercantile than Swahili
Chukchi Whalebone Assemblies,1700,1920,Russia,64.4,-172.9,Early Modern,Real,2,Coastal clans governing via whale-rib meeting circles,"Inuit, Koryak",Cetacean Democracy,Shamanism,Soviet collectivization,Male hunters,Walrus/whale,Rib engravings,Shoreline quotas,Ordeal by cold,Walrus-skin boats,Bone architecture,Consensus,Russian records,Parallels: Norse thing sites. Contrasts: Less warlike than Aleut
Tswana Kgotla,1700,Present,Botswana,-22.3,24.7,Early Modern,Real,4,Public assembly dispute resolution under kgosi (chiefs),"Igbo assemblies, Athenian ecclesia",Consensual Chiefdom,African traditional,None (ongoing),Male elders,Cattle herding,Town hall debates,Rangeland management,Elder mediation,Mining revenues,Tribal authority,Inheritance,Oral tradition,Parallels: Bedouin majlis. Contrasts: Less urban than Greek polis
Malagasy Fokonolona,1700,Present,Madagascar,-18.9,47.5,Early Modern,Real,3,Village assemblies enforcing taboos and rice terracing,"Balinese subak, Japanese mura",Agrarian Communalism,Ancestor worship,None (ongoing),Gender-mixed,Rice farming,Elder councils,Terraced irrigation,Tangena trials,Zebu cattle,Social harmony,Consensus,Ethnography,Parallels: Filipino barangay. Contrasts: Less hierarchical than Merina kingdom
Fante Asafo Companies,1700,Present,Ghana,5,-1,Early Modern,Real,4,Militia guilds balancing chiefly power through satire,"Zulu impi, Venetian arsenal",Corporate Militarism,Ancestor worship,None (ongoing),Male warriors,Gold/cocoa,Flag communication,Sacred lagoons,Satire songs,Adinkra symbols,Social pressure,Election,Ethnography,Parallels: Hausa bakolori. Contrasts: Less centralized than Ashanti
Vanuatu Nimangki Grade-taking,1700,Present,Vanuatu,-16,167,Early Modern,Real,4,Competitive feasting system for status advancement,"Potlatch, Kwakiutl",Prestige Economy,Animism,None (ongoing),Male-dominated,Yams/pigs,Tusk-shaped money,Forest gardening,Pig-killing rites,Slit drums,Gift accumulation,Competitive,Ethnography,Parallels: Bronze Age gift cycles. Contrasts: Less monetary than Phoenician
Irish Traveller Cant Systems,1700,Present,Ireland,53,-8,Modern,Real,3,Extended family units with secret trading languages,"Shelta, Polari",Oral Microstates,Catholicism,None (ongoing),Gender-complementary,Scrap/tarmac,Cant negotiations,None,Fistfighting,Welding tech,Kin loyalty,Patriarchal,Police reports,Parallels: Pigmy honey hunters. Contrasts: Less formal than Roma
Arctic Nenets Yamal Councils,1700,Present,Russia,67.5,77.9,Modern,Real,3,Tundra nomads voting via reindeer-antler tallies,"Inuit qaggiq, Sami siida",Antler Democracy,Shamanism,Sovietization,Male herders,Reindeer fur,Bone notches,Permafrost protection,Ritual combat,Chum tents,Animal wealth,Consensus,Ethnography,Parallels: Native American winter counts. Contrasts: Less centralized than Siberia
Ashanti Golden Stool Confederacy,1701,1900,Ghana,6.7,-1.6,Early Modern,Real,5,Sacred stool unifying 50 states under oath-sworn vassals,"Holy Roman Empire, Iroquois league",Ritual Federation,Ancestor worship,British colonization,Male kings (female advisors),Gold/cocoa,Adinkra symbols,Sacred groves,Ordeal trials,Kente weaving,Spiritual authority,Elective,British treaties,Parallels: Japanese imperial regalia. Contrasts: Less bureaucratic than China
Sikh Misldar Confederacy,1716,1799,Punjab,31.1,75.4,Early Modern,Real,4,Warrior-chieftain collectives pooling military resources,"Iroquois league, Cossack hosts",Military Democracy,Sikhism,Ranjit Singh's empire,Male misldars,Wheat/trade,Gurmata votes,Canals,Akal Takht courts,Shastar vidya,Cavalry shares,Election,Guru Granth Sahib,Parallels: Swiss cantons. Contrasts: Less centralized than Marathas
Liechtenstein Direct Monarchy,1719,Present,Liechtenstein,47.2,9.5,Modern,Real,4,Microstate where citizens can veto/privatize government,"Swiss cantons, Venetian republic",Monarchical Democracy,Catholicism,None (ongoing),Male prince,Banking,Popular referendums,Alpine conservation,Royal courts,Precision tools,Dynastic wealth,Initiative,Hans-Adam II,Parallels: Monaco. Contrasts: More democratic than Saudi Arabia
Moravian Mission Communes,1735,Present,USA,40.6,-75.4,Early Modern,Real,4,Pacifist Christian socialism with tithing economies,"Hutterites, Shakers",Communal Theocracy,Christianity,None,Gender-separate,Textiles,Bible study,Orchards,Confession circles,Pottery wheels,Religious fervor,Appointment,Jan Amos Comenius,Parallels: Amish districts. Contrasts: Less isolated than Skellig monks
Aleut Unangan Whalebone Chiefs,1741,1867,USA,52,-176,Early Modern,Real,3,Whale-hunting aristocrats ruling via jawbone thrones,"Tlingit, Haida",Maritime Oligarchy,Animism,Russian conquest,Male whalers,Sea otter pelts,Bone ledger carvings,Kelp forest bans,Harpoon duels,Baidarka kayaks,Whale wealth,Hereditary,Russian logs,Parallels: Norse jarls. Contrasts: Less democratic than Sami
Konbaung Hluttaw,1752,1885,Myanmar,21,96,Early Modern,Real,4,King-controlled parliament of ministerial slaves,"Siamese sakdina, Persian divan",Bureaucratic Absolutism,Theravada Buddhism,British conquest,Male officials,Rice/teak,Palm-leaf decrees,Irrigation canals,Foot-kissing ceremonies,Gilded stupas,Royal patronage,Appointment,Konbaung chronicles,Parallels: French ancien régime. Contrasts: Less democratic than Thai
Metis Buffalo Councils,1780,1885,Canada,51,-101,Early Modern,Real,3,Mixed-ethnicity hunters governing through buffalo hunts,"Cossack hosts, Cowboy collectives",Pastoral Democracy,Catholic/Animism,Buffalo extinction,Gender-mixed,Pemmican trade,Winter count skins,Grassland conservation,Jigging contests,Red River carts,Hunting skill,Election,Oral history,Parallels: Australian drovers. Contrasts: Less urban than Quebec
Haitian Revolutionary Councils,1791,1804,Haiti,19,-72.4,Early Modern,Real,4,Slave revolt committees evolving into constitutional rule,"Soviet soviets, Paris Commune",Revolutionary Communalism,Vodou/French Rev.,French invasion,Gender-mixed,Sugar plantations,Assembly debates,Soil conservation,Popular tribunals,Cane knives,Military charisma,Election,C.L.R. James,Parallels: Cuban revolution. Contrasts: More spontaneous than US
Freetown Settler Democracy,1792,1808,Sierra Leone,8.5,-13.2,Early Modern,Real,3,Liberated slave self-rule with hybrid Akan-British systems,"Haitian revolution, Liberian settlement",Creole Republic,Protestantism,British takeover,Gender-mixed,Cash crops,Town meetings,Swamp drainage,Jury trials,Shipbuilding,Black Loyalist ethos,Election,Clarkson letters,Parallels: American maroon communities. Contrasts: Less isolated than Guyana
Batavian Republic,1795,1806,Netherlands,52.1,5.1,Early Modern,Real,3,French-backed revolutionary unitary state,"American Republic, Roman Republic",Revolutionary Republic,Secularism,Napoleonic restoration,Male patriots,Trade/industry,National Assembly votes,Polder drainage,Revolutionary courts,Canals,Enlightenment ideals,Coup d'état,Politieke Maatschappij,Parallels: Cisalpine Republic. Contrasts: Less stable than Swiss cantons
Napoleonic Meritocracy,1799,1815,France,48.9,2.3,Modern,Real,5,Technocratic empire with standardized exams and titles,"Chinese keju, Prussian bureaucracy",Revolutionary Technocracy,Secularism,Coalition armies,Male elites,War plunder,Lycée exams,Road building,Court martial,Balloon corps,Military merit,Appointment,Napoleon,Parallels: Singaporean PAP. Contrasts: Less democratic than US
Cheyenne Council of 44,1800,1879,Great Plains,44,-102.5,Early Modern,Real,3,Intertribal peace chiefs with military societies,"Iroquois confederacy, Greek amphictyonies",Tribal Federation,Native spirituality,US displacement,Gender-balanced,Bison hunting,Consensus councils,Buffalo conservation,Mediation circles,Tipi rings,Moral authority,Election,George Bent,Parallels: UN Security Council. Contrasts: Less formal than US Congress
Palauan Stone Money Yap,1800,Present,Palau,7.5,134.5,Modern,Real,3,Limestone disc currency governing social hierarchy,"Bitcoin, Rosetta Stone",Lithic Monetaryism,Animism,None (ongoing),Gender-mixed,Fishing/pearls,Rai stone ledgers,Lagoon conservation,Oral contracts,Stone roads,Wealth display,Inheritance,Ethnography,Parallels: Blockchain governance. Contrasts: Less mobile than coins
Yenish Horse-Tribes,1800,Present,Switzerland,47,8,Modern,Real,2,Alpine peddler networks with winter assembly sites,"Sami siida, Appalachian traders",Seasonal Tribalism,Syncretic,None (ongoing),Gender-mixed,Odd jobs,Sign languages,Mountain routes,Mediation fairs,Wagons,Route knowledge,Consensus,Swiss archives,Parallels: Romani vitsa. Contrasts: Less nomadic than Kalderash
Scottish Traveller Peat Laws,1800,Present,Scotland,57,-5,Modern,Real,2,Turf-cutting territories governed by elder families,"Inuit hunting grounds, Aboriginal songlines",Resource Customalism,Presbyterianism,None (ongoing),Male-dominated,Peat/flowers,Unwritten boundaries,Bog conservation,Fistfights,Basketry,Ancestral rights,Inheritance,Local lore,Parallels: Basque fueros. Contrasts: Less documented than Roma
Åland Islands Neutrality,1809,Present,Finland/Sweden,60,20,Modern,Real,4,Demilitarized archipelago with rotating Nordic oversight,"Liechtenstein, Andorra",Insular Neutralism,Lutheranism,None (ongoing),Gender-neutral,Shipping/tourism,Treaty referendums,Marine conservation,Conciliation boards,Ferries,Diplomatic status,Treaty-based,League of Nations,Parallels: Costa Rican demilitarization. Contrasts: Less sovereign than Iceland
Zanzibar Clove Plantation Councils,1810,1964,Tanzania,-6.1,39.2,Modern,Real,3,Arab-Omani landowners ruling via spice trade monopolies,"Caribbean sugar councils, Venetian galley system",Plutocratic Plantocracy,Islam,Zanzibar Revolution,Male patricians,Clove exports,Majlis debates,Coral stone aqueducts,Kadhi courts,Dhow ships,Slave labor,Hereditary,Sultanate records,Parallels: Hawaiian sandalwood trade. Contrasts: Less industrial than Belgian Congo
Zulu Impi Regiments,1816,1879,Southern Africa,-28.8,31.9,Modern,Real,4,Age-grade warrior bands replacing tribal structures,"Spartan agōgē, Ottoman janissaries",Gerontocratic Militarism,Ancestor worship,British invasion,Male cohorts,Cattle herding,Induna councils,Kraal rotation,Combat trials,Iklwa spears,Age hierarchy,Appointment,Shaka Zulu,Parallels: Roman legions. Contrasts: Less bureaucratic than Prussia
Utopian Socialist Colonies,1820,1860,USA,40,-90,Modern,Real,3,Experimental communes with shared property,"Kibbutzim, Fourier phalanxes",Intentional Communities,Christian socialism,Industrialization,Gender-equal,Handicrafts,Constitution drafts,Orchards,Public confessions,Water mills,Labor notes,Consensus,Newspapers,Parallels: Israeli kibbutz. Contrasts: Less durable than states
Cherokee Constitutional Republic,1821,1907,USA,35.5,-83.5,Modern,Real,4,Native American constitutional state with syllabic writing,"US government, Iroquois league",Assimilationist Democracy,Christian/Animist,US removal,Male/female councils,Agriculture,Sequoyah script,Forest management,Circuit courts,Newspapers,Literacy,Election,Elias Boudinot,Parallels: Maori parliament. Contrasts: Less autonomous than Iceland
Maohi Tapu System,1840,Present,French Polynesia,-17.5,-149.6,Modern,Real,3,Revived traditional sacred prohibitions (tapu),"Hawaiian kapu, Māori rahui",Neo-Traditional Theocracy,Maohi religion,None (ongoing),Gender-balanced,Vanilla/fish,Oral proclamations,Coral reef bans,Elder mediation,Outrigger canoes,Cultural revival,Consensus,UN reports,Parallels: Zuni sacred clowns. Contrasts: Less formal than Vatican
Sorbian Serbski Sejm,1848,1937,Germany,51.3,14.2,Modern,Real,3,Slavic minority parliament under German/Saxon rule,"Welsh Eisteddfod, Sami assemblies",Ethnic Autonomy,Lutheranism,Nazi dissolution,Gender-mixed,Lignite mining,Cultural votes,Wendish schools,Folk courts,Blue-dye craft,Language rights,Election,Handrij Zejler,Parallels: Breton cultural revival. Contrasts: Less recognized than Catalan
Swiss Consensus Democracy,1848,Present,Switzerland,46.8,8.2,Modern,Real,5,Direct democracy with rotating executive and veto points,"Iroquois confederacy, Athenian democracy",Consociationalism,Protestantism,None (ongoing),Gender-neutral,Finance/tech,Popular initiatives,Alpine conservation,Federal courts,Precision tools,Cantonal power,Rotation,Swiss Constitution,Parallels: EU subsidiarity. Contrasts: Less centralized than France
Manush Circus Kingdoms,1850,Present,France,47,2,Modern,Real,3,Circus families with hereditary performance rights,"Indian kalaripayattu, Japanese kabuki",Showmanship Autocracy,Catholicism,None (ongoing),Gender-stratified,Entertainment,Family charters,None,Acrobatic duels,Trapeze tech,Artistic lineage,Hereditary,Circus records,Parallels: Mongol contortionists. Contrasts: Less formal than Roma
Taiping Heavenly Kingdom,1851,1864,China,23,113,Modern,Real,3,Christian revolutionary state with gender equality,"Munster rebellion, Paris Commune",Millenarian Socialism,Syncretic Christianity,Qing suppression,Gender-equal,Rice/millet,Land reform edicts,Collective farming,Self-criticism sessions,Rifled muskets,Charismatic leadership,Appointment,Hong Xiuquan,Parallels: Zapatista communes. Contrasts: Less secular than Meiji
Liechtenstein Direct Democracy,1862,Present,Liechtenstein,47.2,9.5,Modern,Real,5,Microstate with citizen-initiated referendums and princely veto,"Swiss cantons, Athenian democracy",Constitutional Principality,Catholicism,None (ongoing),Gender-neutral,Finance/Tourism,Popular initiatives,Alpine conservation,Landtag courts,Precision tools,Dual sovereignty,Referendum,Constitution,Parallels: Monaco. Contrasts: More participatory than Luxembourg
Meiji Oligarchy,1868,1912,Japan,35.7,139.7,Modern,Real,5,Westernizing technocrats ruling through emperor,"Prussian reformers, Chinese Self-Strengthening",Developmental Autocracy,State Shinto,WWII,Male genrō,Textiles/steel,Ito Constitution,Rail networks,Imperial courts,Shipbuilding,Industrial cliques,Hereditary,Yukichi Fukuzawa,Parallels: South Korean chaebol state. Contrasts: Less democratic than UK
Paris Commune,1871,1871,France,48.9,2.3,Modern,Real,5,Revolutionary socialist direct democracy (72-day experiment,"Soviet workers' councils, Rojava communes",Proletarian Dictatorship,Secularism,German invasion,Gender-mixed,Manufacturing,District assemblies,Workshop control,People's tribunals,Barricades,Labor power,Election,Karl Marx,Parallels: Shanghai Commune. Contrasts: More spontaneous than Cuba
Bamum Scriptocracy,1880,1918,Cameroon,5.5,10.5,Modern,Real,4,Literate autocracy with invented writing system,"Korean hangul, Cherokee syllabary",Graphic Autocracy,Bamum religion,German annexation,Male scribes,Palm oil/ivory,Shümom script,Fishpond engineering,Calligraphy duels,Throne sculptures,Literacy control,Appointment,Njoya's archives,Parallels: Egyptian scribal rule. Contrasts: Less democratic than Tswana
Pavee Road Councils,1900,Present,Ireland/UK,53,-1,Modern,Real,2,Asphalt-laying collectives with mobile dispute systems,"Navajo road crews, Afghan kuchis",Itinerant Contractalism,Christianity,None (ongoing),Male-dominated,Roadwork,Handshake deals,None,Wall punching,Tarmac tech,Labor solidarity,Consensus,Trade unions,Parallels: Hobo jungles. Contrasts: Less organized than unions
Kibbutz Movement,1909,Present,Israel,32.5,35,Modern,Real,5,Voluntary socialist communes with rotating leadership,"Hutterite colonies, Spanish collectives",Utopian Communalism,Judaism/Communism,None (ongoing),Gender-equal,Agriculture,General assembly,Vegan farming,Mediation teams,Drip irrigation,Labor equality,Rotation,Ben-Gurion,Parallels: Fourier phalanxes. Contrasts: Less religious than Amish
Weimar Coalition Governance,1919,1933,Germany,52.5,13.4,Modern,Real,4,Fragile proportional democracy with emergency decrees,"Israeli Knesset, French Fourth Republic",Parliamentary Democracy,Secularism,Nazi takeover,Male politicians,Industrial,Reichstag votes,Welfare state,Constitutional courts,Bauhaus,Party factions,Elections,Weimar Constitution,Parallels: Modern Italy. Contrasts: More unstable than Switzerland
Tuvan People's Republic,1921,1944,Tuva,51.7,94.4,Modern,Real,4,Buddhist-socialist nomadic state under Soviet protection,"Mongolian PR, Tibetan theocracy",Nomadic Socialist Republic,Vajrayana Buddhism,Soviet annexation,Male herders,Yak/cattle,Khural votes,Steppe conservation,People's courts,Throat singing,Labor credits,Election,Archive records,Parallels: Kalmyk ASSR. Contrasts: More independent than Chechnya
Soviet Republics System,1922,1991,Eurasia,55.8,37.6,Modern,Real,5,Ethno-territorial autonomies under centralized party rule,"Austro-Hungarian dualism, EU federalism",Federal Socialist Autocracy,State Atheism,Collapse,Male-dominated,Heavy industry,Politburo votes,Five-Year Plans,People's Courts,Sputnik,Party nomenklatura,Appointment,Lenin,Parallels: Chinese autonomous regions. Contrasts: Less free-market than Yugoslavia
UN Trusteeship Councils,1945,1994,Global,40.7,-74,Modern,Real,4,Decolonization oversight with graduated self-rule,"League mandates, EU enlargement committees",Tutelary Democracy,Secularism,Obsolescence,Mixed,Resource extraction,Petition systems,Land reform,Adjudication panels,Infrastructure,Great Power oversight,Appointment,UN archives,Parallels: US Reconstruction. Contrasts: Less sovereign than Commonwealth
United Nations Security Council,1945,Present,Global,40.7,-74,Modern,Real,4,Great-power veto system with peacekeeping forces,"Concert of Europe, HRE Imperial Diet",Oligarchic Multilateralism,Secularism,None (ongoing),Male-dominated,Member dues,Veto voting,Climate accords,ICJ rulings,Satellite tech,P5 privilege,Permanent seats,UN Charter,Parallels: NATO decision-making. Contrasts: Less democratic than EU
Apartheid Bantustans,1948,1994,South Africa,-29,24,Modern,Real,3,Ethnically segregated puppet states under white rule,"US Jim Crow, Israeli settlements",Racial Autocracy,Dutch Reformed,ANC resistance,Male puppets,Migrant labor,Pass laws,Homeland councils,Tribal courts,Gold mines,White supremacy,Appointment,Nelson Mandela,Parallels: Native reservations. Contrasts: Less autonomous than Indian states
Tokelau Village Atoll Consensus,1948,Present,Tokelau,-9,-172,Modern,Real,4,Rotating leadership among three coral atolls,"Swiss cantons, Iroquois league",Micro-Atoll Democracy,Christianity,None (ongoing),Gender-neutral,Fishing/coconut,Consensus meetings,Lagoon protection,Shared meals,Solar panels,Maritime equity,Rotation,UN records,Parallels: Faroese Løgting. Contrasts: Less centralized than Samoa
Cuban Revolutionary Committees,1960,Present,Cuba,21.5,-78,Modern,Real,3,Block-level surveillance and welfare distribution system,"Soviet soviets, Chinese danwei",Revolutionary Corporatism,Marxism,None (ongoing),Gender-mixed,Sugar/medical,CDR meetings,Urban gardens,People's tribunals,Biotech,Party loyalty,Appointment,Fidel Castro,Parallels: Vietnamese ward system. Contrasts: Less digital than China
Singaporean Technocracy,1965,Present,Singapore,1.3,103.8,Modern,Real,5,Meritocratic one-party state with predictive governance,"Venetian Republic, Qin legalism",Computational Autocracy,Secular pragmatism,None (ongoing),Gender-neutral,Global trade,Algorithmic policy,Land reclamation,Caning penalties,Smart city tech,Expertise,Co-optation,Lee Kuan Yew,Parallels: Chinese cadre system. Contrasts: Less democratic than Taiwan
Botswana Tribal Democracy,1966,Present,Botswana,-22.3,24.7,Modern,Real,4,Diamond-rich constitutional monarchy with tribal kgotlas,"Norwegian SWF, Ashanti golden stool",Resource Traditionalism,Christian/Animist,None (ongoing),Male-dominated,Diamond mining,Kgotla consensus,Wildlife conservation,Chiefs' courts,Debt-free growth,Tribal authority,Elections,Seretse Khama,Parallels: Saudi tribal monarchy. Contrasts: More democratic than Gabon
Tanzanian Ujamaa Villages,1967,1985,Tanzania,-6.3,34.8,Modern,Real,4,Julius Nyerere's African socialist collectivization,"Israeli kibbutzim, Soviet kolkhozes",Participatory Socialism,African socialism,Structural adjustment,Gender-mixed,Subsistence farming,Village councils,Soil conservation,Community courts,Brickmaking,Self-reliance,Election,Nyerere,Parallels: Chinese commune era. Contrasts: Less coercive than Cambodian Khmer Rouge
United Arab Emirates Tribal Technocracy,1971,Present,UAE,24.4,54.4,Modern,Real,4,Bedouin monarchy with futuristic city-states,"Venetian merchant rule, Singaporean planning",Neo-Tribal Autocracy,Islam,None (ongoing),Male-dominated,Oil/AI,Royal decrees,Solar farms,Sharia courts,Burj Khalifa,Oil wealth,Hereditary,Mohammed bin Rashid,Parallels: Saudi Vision 2030. Contrasts: Less democratic than Kuwait
Libyan Jamahiriya,1977,2011,Libya,32.9,13.2,Modern,Real,3,Gaddafi's 'state of the masses' with direct congresses,"Athenian democracy, Soviet soviet system",Direct People's Authority,Third International Theory,NATO intervention,Male-dominated,Oil wealth,Basic People's Congresses,Desert irrigation,Revolutionary committees,Great Man-Made River,Charismatic rule,Consensus,Green Book,Parallels: Venezuelan communal councils. Contrasts: Less functional than Swiss democracy
Nordic Sami Parliaments,1989,Present,Scandinavia,68.3,19.5,Modern,Real,4,Indigenous representative bodies with limited sovereignty,"Inuit circumpolar council, Native American tribes",Ethnic Autonomy,Animism/Christianity,None (ongoing),Gender-balanced,Reindeer herding,Assembly votes,Land use planning,Reconciliation panels,Snowmobiles,Cultural rights,Election,Sami Act,Parallels: Māori seats in NZ. Contrasts: Less power than Quebec
Norwegian Sovereign Wealth Democracy,1990,Present,Norway,60.5,8.7,Modern,Real,5,Oil-funded welfare state with transparency mechanisms,"Alaska Permanent Fund, UAE investment",Petro-Social Democracy,Secularism,None (ongoing),Gender-neutral,Oil/Gas,Ethical guidelines,Pension fund ethics,Ombudsman courts,Wind turbines,Resource trust,Elections,Gro Harlem,Parallels: Canadian Alberta Fund. Contrasts: Less unequal than Russia
Indian Panchayati Raj,1992,Present,India,20.6,78.9,Modern,Real,4,Village councils with gender/reservation quotas,"Swiss cantons, Iroquois league",Decentralized Participatory Democracy,Secular pluralism,None (ongoing),Gender-quota,Agriculture/GDP,Gram sabha votes,Watershed management,Local courts,IT hubs,Caste/class balancing,Election,73rd Amendment,Parallels: Kenyan devolution. Contrasts: Less funded than EU regions
European Union Governance,1993,Present,Europe,50.8,4.5,Modern,Real,5,Supranational technocracy with subsidiarity principle,"Holy Roman Empire, Swiss cantons",Multilevel Governance,Secularism,None (ongoing),Gender-mixed,Single market,Qualified majority voting,Green Deal,ECJ rulings,Euro currency,Brussels bureaucracy,Appointment,Jean Monnet,Parallels: UN systems. Contrasts: Less democratic than nation-states
Post-Apartheid Ubuntu Democracy,1994,Present,South Africa,-29,24,Modern,Real,4,Reconciliation-based constitutionalism with tribal elements,"Canadian pluralism, Iroquois consensus",Inclusive Constitutionalism,African humanism,None (ongoing),Gender-balanced,Mining/tech,Truth Commission,Land reform,Constitutional Court,Telecoms,ANC dominance,Elections,Desmond Tutu,Parallels: Rwandan unity govt. Contrasts: Less efficient than Singapore
Zapatista Caracoles,1994,Present,Mexico,16.8,-92.6,Modern,Real,3,Indigenous anarchist communes with rotational leadership,"Rojava, Paris Commune",Autonomous Municipalism,Mayan cosmology,Mexican state,Gender-balanced,Coffee farming,Assembly consensus,Lacandon forestry,Good gov boards,Textiles,Grassroots power,Rotation,Subcomandante Marcos,Parallels: Kurdish TEV-DEM. Contrasts: Less tech-savvy than Estonia
Rwandan Unity Government,1994,Present,Rwanda,-1.9,30,Modern,Real,4,Post-genocide power-sharing with gender quotas,"South African reconciliation, Singaporean pragmatism",Inclusive Authoritarianism,Mixed religions,None (ongoing),Female-majority,Agriculture/Tech,Grassroots councils,Land reform,Gacaca courts,Medical drones,Performance-based,Appointment,Paul Kagame,Parallels: UAE tribal federation. Contrasts: Less democratic than Botswana
Ubuntu Councils,1994,Present,South Africa,-29,24,Modern,Real,4,Post-apartheid restorative justice through communal courts,"Rwandan gacaca, Zapatista caracoles",Reconciliation Democracy,Ubuntu philosophy,None (ongoing),Gender-balanced,Mining/tech,Truth Commission,Land reform,Community dialogues,Digital platforms,Social harmony,Consensus,Desmond Tutu,Parallels: Canadian TRC. Contrasts: Less centralized than Afrikaner rule
Kerala People’s Planning,1996,Present,India,8.5,76.9,Modern,Real,4,Decentralized socialist governance with 40% female participation,"Porto Alegre PB, Rojava communes",Participatory Socialism,Secular communism,None (ongoing),Gender-balanced,Spice/remittances,Gram sabhas,Backwater conservation,Social audits,Ayurveda tech,Land reform,Election,E.M.S. Namboodiripad,Parallels: Brazilian PT. Contrasts: Less tech-driven than Estonia
Estonian Digital Democracy,2002,Present,Estonia,58.7,25,Information Age,Real,5,E-governance with blockchain-secured citizen participation,"Singaporean tech, Athenian democracy",E-Government,Secularism,None (ongoing),Gender-neutral,IT services,Online voting,Digital ID,Data embassies,Skype,Cybersecurity,Elections,Toomas Hendrik,Parallels: Taiwanese digital gov. Contrasts: Less face-to-face than Iceland
Bhutanese Gross National Happiness,2008,Present,Bhutan,27.5,90.5,Modern,Real,4,Buddhist constitutional monarchy prioritizing ecology/culture,"Swiss cantons, Ashoka's edicts",Ethical Monarchy,Vajrayana Buddhism,None (ongoing),Gender-neutral,Hydroelectricity,Happiness surveys,Forest conservation,Monk arbitration,Sustainable tourism,Karma-based,Democratic transition,Fourth King,Parallels: Scandinavian welfare. Contrasts: Less industrialized than China
Bitcoin Decentralized Governance,2009,Present,Digital,N/A,N/A,Information Age,Real,3,Blockchain-based consensus without central authority,"Medieval merchant law, Swiss cantons",Cryptographic Anarchy,Cypherpunk,None (ongoing),Pseudonymous,Crypto mining,Hash power voting,None,Fork arbitration,Blockchain,Proof-of-work,Forking,Satoshi Nakamoto,Parallels: Iroquois unanimity. Contrasts: Less tangible than states
Bolivian Plurinational State,2009,Present,Bolivia,-16.3,-63.3,Modern,Real,3,Indigenous autonomies within socialist central government,"Zapatista caracoles, Canadian First Nations",Multinational Socialism,Syncretic Catholicism,None (ongoing),Gender-mixed,Lithium/Gas,Popular referendums,Pachamama laws,Community justice,Coca farming,Ethnic quotas,Elections,Evo Morales,Parallels: Spanish autonomous communities. Contrasts: Less stable than Chile
Icelandic Crowdsourced Constitution,2010,2013,Iceland,64.1,-21.9,Modern,Real,3,Citizen-drafted constitution via social media consensus,"Chilean experiment, Athenian democracy",Digital Direct Democracy,Secularism,Parliamentary veto,Gender-balanced,Fisheries,Online forums,Geothermal ethics,Crowdsourced drafts,Aluminum smelting,Social capital,Consensus,Birgitta Jónsdóttir,Parallels: Taiwan's vTaiwan. Contrasts: Less binding than EU treaties
Rojava Democratic Confederalism,2014,Present,Syria,36.9,38.5,Modern,Real,3,Kurdish feminist eco-socialism with communal councils,"Spanish anarchism, Zapatista caracoles",Libertarian Municipalism,Secular pluralism,Turkish invasion,Female co-leaders,Olive oil,People's assemblies,Water cooperatives,Restorative justice,Solar microgrids,Grassroots power,Consensus,Abdullah Öcalan,Parallels: Paris Commune. Contrasts: Less centralized than Iraq
Taiwanese Digital Democracy,2016,Present,Taiwan,25,121,Information Age,Real,4,AI-assisted policymaking with citizen participation platforms,"Estonian e-gov, Swiss referendums",Liquid Democracy,Secularism,None (ongoing),Gender-neutral,Semiconductors,Pol.is voting,Cybersecurity,Fact-checkers,TSMC chips,Digital literacy,Elections,Audrey Tang,Parallels: French citizen conventions. Contrasts: Less decentralized than blockchain
Chilean Constitutional Experiment,2022,2023,Chile,-33.4,-70.7,Modern,Real,3,Grassroots constitutional convention with gender parity,"Icelandic crowdsourcing, US Constitutional Convention",Participatory Constitutionalism,Secularism,Rejection vote,Gender-balanced,Copper exports,Assembly debates,Glacier protection,Indigenous councils,Green tech,Social media,Elections,Gabriel Boric,Parallels: French Revolution. Contrasts: Less stable than Canada
